
Intensity Max Ch=1 Img=1
 ==================== 
Intensity Max,Unit,Category,Channel,Image,Time,ID,
968,,Spot,1,Image 1,87,0,
1119,,Spot,1,Image 1,87,1,
1221,,Spot,1,Image 1,87,2,
1047,,Spot,1,Image 1,87,3,
1389,,Spot,1,Image 1,90,4,
1116,,Spot,1,Image 1,90,5,
841,,Spot,1,Image 1,90,8,
1193,,Spot,1,Image 1,90,9,
1171,,Spot,1,Image 1,93,10,
1114,,Spot,1,Image 1,93,12,
947,,Spot,1,Image 1,93,13,
912,,Spot,1,Image 1,93,15,
1025,,Spot,1,Image 1,96,16,
1110,,Spot,1,Image 1,96,17,
960,,Spot,1,Image 1,96,18,
908,,Spot,1,Image 1,96,20,
1394,,Spot,1,Image 1,99,21,
1152,,Spot,1,Image 1,99,22,
854,,Spot,1,Image 1,99,23,
1101,,Spot,1,Image 1,99,25,
753,,Spot,1,Image 1,102,26,
1156,,Spot,1,Image 1,102,27,
1041,,Spot,1,Image 1,102,29,
1239,,Spot,1,Image 1,102,30,
1585,,Spot,1,Image 1,105,31,
1312,,Spot,1,Image 1,105,33,
1298,,Spot,1,Image 1,105,34,
1048,,Spot,1,Image 1,105,35,
1075,,Spot,1,Image 1,108,36,
755,,Spot,1,Image 1,108,38,
964,,Spot,1,Image 1,108,39,
1097,,Spot,1,Image 1,108,40,
822,,Spot,1,Image 1,111,41,
761,,Spot,1,Image 1,111,42,
1075,,Spot,1,Image 1,111,43,
875,,Spot,1,Image 1,111,44,
1087,,Spot,1,Image 1,114,45,
1043,,Spot,1,Image 1,114,46,
951,,Spot,1,Image 1,114,48,
934,,Spot,1,Image 1,114,51,
1053,,Spot,1,Image 1,117,52,
740,,Spot,1,Image 1,117,53,
1168,,Spot,1,Image 1,117,55,
836,,Spot,1,Image 1,117,57,
1542,,Spot,1,Image 1,120,58,
1183,,Spot,1,Image 1,120,60,
1478,,Spot,1,Image 1,120,61,
789,,Spot,1,Image 1,120,62,
1146,,Spot,1,Image 1,123,63,
782,,Spot,1,Image 1,123,64,
901,,Spot,1,Image 1,123,65,
1128,,Spot,1,Image 1,123,66,
1215,,Spot,1,Image 1,126,67,
1211,,Spot,1,Image 1,126,69,
923,,Spot,1,Image 1,126,71,
1611,,Spot,1,Image 1,126,72,
1206,,Spot,1,Image 1,129,73,
1265,,Spot,1,Image 1,129,74,
1297,,Spot,1,Image 1,129,75,
1106,,Spot,1,Image 1,129,76,
1460,,Spot,1,Image 1,132,77,
1716,,Spot,1,Image 1,132,78,
1161,,Spot,1,Image 1,132,79,
687,,Spot,1,Image 1,132,80,
979,,Spot,1,Image 1,135,81,
1127,,Spot,1,Image 1,135,82,
624,,Spot,1,Image 1,135,83,
1047,,Spot,1,Image 1,135,84,
1597,,Spot,1,Image 1,138,85,
1002,,Spot,1,Image 1,138,88,
896,,Spot,1,Image 1,138,89,
932,,Spot,1,Image 1,138,90,
1071,,Spot,1,Image 1,141,91,
822,,Spot,1,Image 1,141,92,
838,,Spot,1,Image 1,141,93,
1207,,Spot,1,Image 1,141,95,
892,,Spot,1,Image 1,144,98,
947,,Spot,1,Image 1,144,99,
700,,Spot,1,Image 1,144,100,
789,,Spot,1,Image 1,144,101,
867,,Spot,1,Image 1,147,102,
898,,Spot,1,Image 1,147,103,
1093,,Spot,1,Image 1,147,104,
773,,Spot,1,Image 1,147,105,
873,,Spot,1,Image 1,150,107,
965,,Spot,1,Image 1,150,108,
865,,Spot,1,Image 1,150,109,
863,,Spot,1,Image 1,150,110,
876,,Spot,1,Image 1,153,111,
718,,Spot,1,Image 1,153,114,
1180,,Spot,1,Image 1,153,115,
1264,,Spot,1,Image 1,153,116,
997,,Spot,1,Image 1,156,117,
572,,Spot,1,Image 1,156,118,
909,,Spot,1,Image 1,156,120,
1022,,Spot,1,Image 1,156,121,
767,,Spot,1,Image 1,159,123,
1053,,Spot,1,Image 1,159,124,
582,,Spot,1,Image 1,159,125,
951,,Spot,1,Image 1,159,126,
951,,Spot,1,Image 1,162,128,
669,,Spot,1,Image 1,162,130,
1012,,Spot,1,Image 1,162,131,
617,,Spot,1,Image 1,162,133,
714,,Spot,1,Image 1,165,134,
621,,Spot,1,Image 1,165,135,
954,,Spot,1,Image 1,165,136,
828,,Spot,1,Image 1,165,139,
1244,,Spot,1,Image 1,168,140,
1055,,Spot,1,Image 1,168,142,
1159,,Spot,1,Image 1,168,146,
713,,Spot,1,Image 1,168,147,
1096,,Spot,1,Image 1,171,148,
890,,Spot,1,Image 1,171,149,
1013,,Spot,1,Image 1,171,151,
967,,Spot,1,Image 1,171,152,
576,,Spot,1,Image 1,174,153,
582,,Spot,1,Image 1,174,154,
986,,Spot,1,Image 1,174,155,
787,,Spot,1,Image 1,174,157,
1485,,Spot,1,Image 1,177,158,
497,,Spot,1,Image 1,177,159,
1235,,Spot,1,Image 1,177,160,
1029,,Spot,1,Image 1,177,165,
755,,Spot,1,Image 1,180,166,
959,,Spot,1,Image 1,180,167,
839,,Spot,1,Image 1,180,168,
1031,,Spot,1,Image 1,180,169,
1145,,Spot,1,Image 1,183,170,
737,,Spot,1,Image 1,183,171,
1020,,Spot,1,Image 1,183,172,
1679,,Spot,1,Image 1,183,173,
1027,,Spot,1,Image 1,186,174,
1083,,Spot,1,Image 1,186,175,
842,,Spot,1,Image 1,186,178,
898,,Spot,1,Image 1,186,179,
1338,,Spot,1,Image 1,189,180,
804,,Spot,1,Image 1,189,181,
1021,,Spot,1,Image 1,189,182,
1046,,Spot,1,Image 1,189,183,
1317,,Spot,1,Image 1,192,184,
941,,Spot,1,Image 1,192,185,
1380,,Spot,1,Image 1,192,188,
1664,,Spot,1,Image 1,192,189,
821,,Spot,1,Image 1,195,190,
807,,Spot,1,Image 1,195,191,
962,,Spot,1,Image 1,195,193,
1006,,Spot,1,Image 1,195,194,
1101,,Spot,1,Image 1,198,195,
581,,Spot,1,Image 1,198,196,
868,,Spot,1,Image 1,198,200,
995,,Spot,1,Image 1,198,201,
