
Intensity Min Ch=2 Img=1
 ==================== 
Intensity Min,Unit,Category,Channel,Image,Time,ID,
80,,Spot,2,Image 1,87,0,
639,,Spot,2,Image 1,87,1,
243,,Spot,2,Image 1,87,2,
133,,Spot,2,Image 1,87,3,
624,,Spot,2,Image 1,90,4,
1321,,Spot,2,Image 1,90,5,
166,,Spot,2,Image 1,90,8,
223,,Spot,2,Image 1,90,9,
513,,Spot,2,Image 1,93,10,
45,,Spot,2,Image 1,93,12,
92,,Spot,2,Image 1,93,13,
336,,Spot,2,Image 1,93,15,
91,,Spot,2,Image 1,96,16,
115,,Spot,2,Image 1,96,17,
84,,Spot,2,Image 1,96,18,
307,,Spot,2,Image 1,96,20,
150,,Spot,2,Image 1,99,21,
111,,Spot,2,Image 1,99,22,
157,,Spot,2,Image 1,99,23,
88,,Spot,2,Image 1,99,25,
111,,Spot,2,Image 1,102,26,
96,,Spot,2,Image 1,102,27,
126,,Spot,2,Image 1,102,29,
124,,Spot,2,Image 1,102,30,
156,,Spot,2,Image 1,105,31,
111,,Spot,2,Image 1,105,33,
375,,Spot,2,Image 1,105,34,
90,,Spot,2,Image 1,105,35,
94,,Spot,2,Image 1,108,36,
57,,Spot,2,Image 1,108,38,
79,,Spot,2,Image 1,108,39,
65,,Spot,2,Image 1,108,40,
188,,Spot,2,Image 1,111,41,
172,,Spot,2,Image 1,111,42,
73,,Spot,2,Image 1,111,43,
211,,Spot,2,Image 1,111,44,
118,,Spot,2,Image 1,114,45,
80,,Spot,2,Image 1,114,46,
99,,Spot,2,Image 1,114,48,
33,,Spot,2,Image 1,114,51,
77,,Spot,2,Image 1,117,52,
78,,Spot,2,Image 1,117,53,
94,,Spot,2,Image 1,117,55,
61,,Spot,2,Image 1,117,57,
670,,Spot,2,Image 1,120,58,
57,,Spot,2,Image 1,120,60,
100,,Spot,2,Image 1,120,61,
50,,Spot,2,Image 1,120,62,
69,,Spot,2,Image 1,123,63,
151,,Spot,2,Image 1,123,64,
248,,Spot,2,Image 1,123,65,
154,,Spot,2,Image 1,123,66,
66,,Spot,2,Image 1,126,67,
54,,Spot,2,Image 1,126,69,
100,,Spot,2,Image 1,126,71,
83,,Spot,2,Image 1,126,72,
112,,Spot,2,Image 1,129,73,
107,,Spot,2,Image 1,129,74,
56,,Spot,2,Image 1,129,75,
60,,Spot,2,Image 1,129,76,
172,,Spot,2,Image 1,132,77,
97,,Spot,2,Image 1,132,78,
64,,Spot,2,Image 1,132,79,
59,,Spot,2,Image 1,132,80,
117,,Spot,2,Image 1,135,81,
70,,Spot,2,Image 1,135,82,
41,,Spot,2,Image 1,135,83,
156,,Spot,2,Image 1,135,84,
71,,Spot,2,Image 1,138,85,
99,,Spot,2,Image 1,138,88,
91,,Spot,2,Image 1,138,89,
51,,Spot,2,Image 1,138,90,
75,,Spot,2,Image 1,141,91,
99,,Spot,2,Image 1,141,92,
165,,Spot,2,Image 1,141,93,
74,,Spot,2,Image 1,141,95,
86,,Spot,2,Image 1,144,98,
123,,Spot,2,Image 1,144,99,
96,,Spot,2,Image 1,144,100,
73,,Spot,2,Image 1,144,101,
114,,Spot,2,Image 1,147,102,
74,,Spot,2,Image 1,147,103,
154,,Spot,2,Image 1,147,104,
108,,Spot,2,Image 1,147,105,
167,,Spot,2,Image 1,150,107,
80,,Spot,2,Image 1,150,108,
94,,Spot,2,Image 1,150,109,
104,,Spot,2,Image 1,150,110,
78,,Spot,2,Image 1,153,111,
107,,Spot,2,Image 1,153,114,
59,,Spot,2,Image 1,153,115,
83,,Spot,2,Image 1,153,116,
50,,Spot,2,Image 1,156,117,
64,,Spot,2,Image 1,156,118,
85,,Spot,2,Image 1,156,120,
79,,Spot,2,Image 1,156,121,
88,,Spot,2,Image 1,159,123,
62,,Spot,2,Image 1,159,124,
64,,Spot,2,Image 1,159,125,
90,,Spot,2,Image 1,159,126,
46,,Spot,2,Image 1,162,128,
84,,Spot,2,Image 1,162,130,
133,,Spot,2,Image 1,162,131,
74,,Spot,2,Image 1,162,133,
74,,Spot,2,Image 1,165,134,
58,,Spot,2,Image 1,165,135,
105,,Spot,2,Image 1,165,136,
236,,Spot,2,Image 1,165,139,
59,,Spot,2,Image 1,168,140,
172,,Spot,2,Image 1,168,142,
137,,Spot,2,Image 1,168,146,
96,,Spot,2,Image 1,168,147,
74,,Spot,2,Image 1,171,148,
224,,Spot,2,Image 1,171,149,
114,,Spot,2,Image 1,171,151,
86,,Spot,2,Image 1,171,152,
95,,Spot,2,Image 1,174,153,
99,,Spot,2,Image 1,174,154,
257,,Spot,2,Image 1,174,155,
173,,Spot,2,Image 1,174,157,
70,,Spot,2,Image 1,177,158,
99,,Spot,2,Image 1,177,159,
56,,Spot,2,Image 1,177,160,
267,,Spot,2,Image 1,177,165,
226,,Spot,2,Image 1,180,166,
128,,Spot,2,Image 1,180,167,
124,,Spot,2,Image 1,180,168,
372,,Spot,2,Image 1,180,169,
83,,Spot,2,Image 1,183,170,
98,,Spot,2,Image 1,183,171,
120,,Spot,2,Image 1,183,172,
242,,Spot,2,Image 1,183,173,
131,,Spot,2,Image 1,186,174,
905,,Spot,2,Image 1,186,175,
495,,Spot,2,Image 1,186,178,
117,,Spot,2,Image 1,186,179,
114,,Spot,2,Image 1,189,180,
208,,Spot,2,Image 1,189,181,
184,,Spot,2,Image 1,189,182,
120,,Spot,2,Image 1,189,183,
170,,Spot,2,Image 1,192,184,
132,,Spot,2,Image 1,192,185,
194,,Spot,2,Image 1,192,188,
134,,Spot,2,Image 1,192,189,
136,,Spot,2,Image 1,195,190,
158,,Spot,2,Image 1,195,191,
682,,Spot,2,Image 1,195,193,
783,,Spot,2,Image 1,195,194,
106,,Spot,2,Image 1,198,195,
170,,Spot,2,Image 1,198,196,
146,,Spot,2,Image 1,198,200,
745,,Spot,2,Image 1,198,201,
