
Intensity Center Ch=2 Img=1
 ==================== 
Intensity Center,Unit,Category,Channel,Image,Time,ID,
369,,Spot,2,Image 1,87,0,
2903,,Spot,2,Image 1,87,1,
1800,,Spot,2,Image 1,87,2,
850,,Spot,2,Image 1,87,3,
3596,,Spot,2,Image 1,90,4,
2337,,Spot,2,Image 1,90,5,
590,,Spot,2,Image 1,90,8,
463,,Spot,2,Image 1,90,9,
4386,,Spot,2,Image 1,93,10,
300,,Spot,2,Image 1,93,12,
174,,Spot,2,Image 1,93,13,
2774,,Spot,2,Image 1,93,15,
329,,Spot,2,Image 1,96,16,
2837,,Spot,2,Image 1,96,17,
105,,Spot,2,Image 1,96,18,
2463,,Spot,2,Image 1,96,20,
862,,Spot,2,Image 1,99,21,
374,,Spot,2,Image 1,99,22,
505,,Spot,2,Image 1,99,23,
287,,Spot,2,Image 1,99,25,
391,,Spot,2,Image 1,102,26,
253,,Spot,2,Image 1,102,27,
305,,Spot,2,Image 1,102,29,
486,,Spot,2,Image 1,102,30,
535,,Spot,2,Image 1,105,31,
927,,Spot,2,Image 1,105,33,
1570,,Spot,2,Image 1,105,34,
320,,Spot,2,Image 1,105,35,
593,,Spot,2,Image 1,108,36,
188,,Spot,2,Image 1,108,38,
204,,Spot,2,Image 1,108,39,
809,,Spot,2,Image 1,108,40,
310,,Spot,2,Image 1,111,41,
1143,,Spot,2,Image 1,111,42,
740,,Spot,2,Image 1,111,43,
970,,Spot,2,Image 1,111,44,
379,,Spot,2,Image 1,114,45,
252,,Spot,2,Image 1,114,46,
557,,Spot,2,Image 1,114,48,
336,,Spot,2,Image 1,114,51,
129,,Spot,2,Image 1,117,52,
524,,Spot,2,Image 1,117,53,
281,,Spot,2,Image 1,117,55,
305,,Spot,2,Image 1,117,57,
2586,,Spot,2,Image 1,120,58,
156,,Spot,2,Image 1,120,60,
547,,Spot,2,Image 1,120,61,
356,,Spot,2,Image 1,120,62,
228,,Spot,2,Image 1,123,63,
426,,Spot,2,Image 1,123,64,
4271,,Spot,2,Image 1,123,65,
489,,Spot,2,Image 1,123,66,
296,,Spot,2,Image 1,126,67,
404,,Spot,2,Image 1,126,69,
374,,Spot,2,Image 1,126,71,
196,,Spot,2,Image 1,126,72,
1139,,Spot,2,Image 1,129,73,
209,,Spot,2,Image 1,129,74,
147,,Spot,2,Image 1,129,75,
182,,Spot,2,Image 1,129,76,
1118,,Spot,2,Image 1,132,77,
361,,Spot,2,Image 1,132,78,
159,,Spot,2,Image 1,132,79,
81,,Spot,2,Image 1,132,80,
205,,Spot,2,Image 1,135,81,
430,,Spot,2,Image 1,135,82,
148,,Spot,2,Image 1,135,83,
395,,Spot,2,Image 1,135,84,
177,,Spot,2,Image 1,138,85,
283,,Spot,2,Image 1,138,88,
337,,Spot,2,Image 1,138,89,
268,,Spot,2,Image 1,138,90,
214,,Spot,2,Image 1,141,91,
216,,Spot,2,Image 1,141,92,
558,,Spot,2,Image 1,141,93,
246,,Spot,2,Image 1,141,95,
194,,Spot,2,Image 1,144,98,
650,,Spot,2,Image 1,144,99,
345,,Spot,2,Image 1,144,100,
543,,Spot,2,Image 1,144,101,
358,,Spot,2,Image 1,147,102,
399,,Spot,2,Image 1,147,103,
355,,Spot,2,Image 1,147,104,
217,,Spot,2,Image 1,147,105,
1064,,Spot,2,Image 1,150,107,
146,,Spot,2,Image 1,150,108,
250,,Spot,2,Image 1,150,109,
308,,Spot,2,Image 1,150,110,
236,,Spot,2,Image 1,153,111,
127,,Spot,2,Image 1,153,114,
295,,Spot,2,Image 1,153,115,
255,,Spot,2,Image 1,153,116,
88,,Spot,2,Image 1,156,117,
134,,Spot,2,Image 1,156,118,
188,,Spot,2,Image 1,156,120,
656,,Spot,2,Image 1,156,121,
893,,Spot,2,Image 1,159,123,
149,,Spot,2,Image 1,159,124,
311,,Spot,2,Image 1,159,125,
329,,Spot,2,Image 1,159,126,
152,,Spot,2,Image 1,162,128,
207,,Spot,2,Image 1,162,130,
977,,Spot,2,Image 1,162,131,
194,,Spot,2,Image 1,162,133,
344,,Spot,2,Image 1,165,134,
162,,Spot,2,Image 1,165,135,
261,,Spot,2,Image 1,165,136,
2468,,Spot,2,Image 1,165,139,
148,,Spot,2,Image 1,168,140,
405,,Spot,2,Image 1,168,142,
392,,Spot,2,Image 1,168,146,
387,,Spot,2,Image 1,168,147,
237,,Spot,2,Image 1,171,148,
623,,Spot,2,Image 1,171,149,
287,,Spot,2,Image 1,171,151,
588,,Spot,2,Image 1,171,152,
146,,Spot,2,Image 1,174,153,
319,,Spot,2,Image 1,174,154,
1464,,Spot,2,Image 1,174,155,
1020,,Spot,2,Image 1,174,157,
156,,Spot,2,Image 1,177,158,
354,,Spot,2,Image 1,177,159,
407,,Spot,2,Image 1,177,160,
1384,,Spot,2,Image 1,177,165,
738,,Spot,2,Image 1,180,166,
803,,Spot,2,Image 1,180,167,
566,,Spot,2,Image 1,180,168,
2805,,Spot,2,Image 1,180,169,
571,,Spot,2,Image 1,183,170,
572,,Spot,2,Image 1,183,171,
210,,Spot,2,Image 1,183,172,
783,,Spot,2,Image 1,183,173,
797,,Spot,2,Image 1,186,174,
3165,,Spot,2,Image 1,186,175,
1161,,Spot,2,Image 1,186,178,
200,,Spot,2,Image 1,186,179,
384,,Spot,2,Image 1,189,180,
1133,,Spot,2,Image 1,189,181,
1162,,Spot,2,Image 1,189,182,
552,,Spot,2,Image 1,189,183,
959,,Spot,2,Image 1,192,184,
386,,Spot,2,Image 1,192,185,
1306,,Spot,2,Image 1,192,188,
785,,Spot,2,Image 1,192,189,
655,,Spot,2,Image 1,195,190,
594,,Spot,2,Image 1,195,191,
3796,,Spot,2,Image 1,195,193,
1476,,Spot,2,Image 1,195,194,
189,,Spot,2,Image 1,198,195,
771,,Spot,2,Image 1,198,196,
463,,Spot,2,Image 1,198,200,
3252,,Spot,2,Image 1,198,201,
