
Intensity Min Ch=1 Img=1
 ==================== 
Intensity Min,Unit,Category,Channel,Image,Time,ID,
91,,Spot,1,Image 1,87,0,
116,,Spot,1,Image 1,87,1,
77,,Spot,1,Image 1,87,2,
75,,Spot,1,Image 1,87,3,
89,,Spot,1,Image 1,90,4,
67,,Spot,1,Image 1,90,5,
111,,Spot,1,Image 1,90,8,
80,,Spot,1,Image 1,90,9,
100,,Spot,1,Image 1,93,10,
79,,Spot,1,Image 1,93,12,
81,,Spot,1,Image 1,93,13,
85,,Spot,1,Image 1,93,15,
95,,Spot,1,Image 1,96,16,
119,,Spot,1,Image 1,96,17,
79,,Spot,1,Image 1,96,18,
97,,Spot,1,Image 1,96,20,
104,,Spot,1,Image 1,99,21,
105,,Spot,1,Image 1,99,22,
66,,Spot,1,Image 1,99,23,
109,,Spot,1,Image 1,99,25,
84,,Spot,1,Image 1,102,26,
102,,Spot,1,Image 1,102,27,
90,,Spot,1,Image 1,102,29,
78,,Spot,1,Image 1,102,30,
120,,Spot,1,Image 1,105,31,
99,,Spot,1,Image 1,105,33,
104,,Spot,1,Image 1,105,34,
79,,Spot,1,Image 1,105,35,
101,,Spot,1,Image 1,108,36,
83,,Spot,1,Image 1,108,38,
75,,Spot,1,Image 1,108,39,
74,,Spot,1,Image 1,108,40,
123,,Spot,1,Image 1,111,41,
85,,Spot,1,Image 1,111,42,
79,,Spot,1,Image 1,111,43,
77,,Spot,1,Image 1,111,44,
98,,Spot,1,Image 1,114,45,
110,,Spot,1,Image 1,114,46,
92,,Spot,1,Image 1,114,48,
95,,Spot,1,Image 1,114,51,
75,,Spot,1,Image 1,117,52,
85,,Spot,1,Image 1,117,53,
78,,Spot,1,Image 1,117,55,
65,,Spot,1,Image 1,117,57,
73,,Spot,1,Image 1,120,58,
63,,Spot,1,Image 1,120,60,
72,,Spot,1,Image 1,120,61,
56,,Spot,1,Image 1,120,62,
68,,Spot,1,Image 1,123,63,
84,,Spot,1,Image 1,123,64,
92,,Spot,1,Image 1,123,65,
49,,Spot,1,Image 1,123,66,
43,,Spot,1,Image 1,126,67,
66,,Spot,1,Image 1,126,69,
40,,Spot,1,Image 1,126,71,
60,,Spot,1,Image 1,126,72,
84,,Spot,1,Image 1,129,73,
84,,Spot,1,Image 1,129,74,
63,,Spot,1,Image 1,129,75,
79,,Spot,1,Image 1,129,76,
67,,Spot,1,Image 1,132,77,
57,,Spot,1,Image 1,132,78,
75,,Spot,1,Image 1,132,79,
54,,Spot,1,Image 1,132,80,
37,,Spot,1,Image 1,135,81,
46,,Spot,1,Image 1,135,82,
47,,Spot,1,Image 1,135,83,
64,,Spot,1,Image 1,135,84,
72,,Spot,1,Image 1,138,85,
70,,Spot,1,Image 1,138,88,
54,,Spot,1,Image 1,138,89,
45,,Spot,1,Image 1,138,90,
48,,Spot,1,Image 1,141,91,
43,,Spot,1,Image 1,141,92,
84,,Spot,1,Image 1,141,93,
73,,Spot,1,Image 1,141,95,
55,,Spot,1,Image 1,144,98,
68,,Spot,1,Image 1,144,99,
76,,Spot,1,Image 1,144,100,
63,,Spot,1,Image 1,144,101,
53,,Spot,1,Image 1,147,102,
60,,Spot,1,Image 1,147,103,
63,,Spot,1,Image 1,147,104,
65,,Spot,1,Image 1,147,105,
60,,Spot,1,Image 1,150,107,
73,,Spot,1,Image 1,150,108,
69,,Spot,1,Image 1,150,109,
63,,Spot,1,Image 1,150,110,
52,,Spot,1,Image 1,153,111,
58,,Spot,1,Image 1,153,114,
89,,Spot,1,Image 1,153,115,
66,,Spot,1,Image 1,153,116,
48,,Spot,1,Image 1,156,117,
61,,Spot,1,Image 1,156,118,
60,,Spot,1,Image 1,156,120,
57,,Spot,1,Image 1,156,121,
80,,Spot,1,Image 1,159,123,
65,,Spot,1,Image 1,159,124,
65,,Spot,1,Image 1,159,125,
64,,Spot,1,Image 1,159,126,
59,,Spot,1,Image 1,162,128,
58,,Spot,1,Image 1,162,130,
51,,Spot,1,Image 1,162,131,
49,,Spot,1,Image 1,162,133,
60,,Spot,1,Image 1,165,134,
63,,Spot,1,Image 1,165,135,
72,,Spot,1,Image 1,165,136,
61,,Spot,1,Image 1,165,139,
91,,Spot,1,Image 1,168,140,
52,,Spot,1,Image 1,168,142,
54,,Spot,1,Image 1,168,146,
70,,Spot,1,Image 1,168,147,
62,,Spot,1,Image 1,171,148,
68,,Spot,1,Image 1,171,149,
81,,Spot,1,Image 1,171,151,
80,,Spot,1,Image 1,171,152,
61,,Spot,1,Image 1,174,153,
57,,Spot,1,Image 1,174,154,
35,,Spot,1,Image 1,174,155,
55,,Spot,1,Image 1,174,157,
63,,Spot,1,Image 1,177,158,
60,,Spot,1,Image 1,177,159,
48,,Spot,1,Image 1,177,160,
59,,Spot,1,Image 1,177,165,
62,,Spot,1,Image 1,180,166,
60,,Spot,1,Image 1,180,167,
65,,Spot,1,Image 1,180,168,
89,,Spot,1,Image 1,180,169,
72,,Spot,1,Image 1,183,170,
62,,Spot,1,Image 1,183,171,
59,,Spot,1,Image 1,183,172,
82,,Spot,1,Image 1,183,173,
62,,Spot,1,Image 1,186,174,
62,,Spot,1,Image 1,186,175,
77,,Spot,1,Image 1,186,178,
55,,Spot,1,Image 1,186,179,
56,,Spot,1,Image 1,189,180,
64,,Spot,1,Image 1,189,181,
70,,Spot,1,Image 1,189,182,
62,,Spot,1,Image 1,189,183,
49,,Spot,1,Image 1,192,184,
72,,Spot,1,Image 1,192,185,
72,,Spot,1,Image 1,192,188,
45,,Spot,1,Image 1,192,189,
60,,Spot,1,Image 1,195,190,
51,,Spot,1,Image 1,195,191,
48,,Spot,1,Image 1,195,193,
67,,Spot,1,Image 1,195,194,
59,,Spot,1,Image 1,198,195,
65,,Spot,1,Image 1,198,196,
51,,Spot,1,Image 1,198,200,
65,,Spot,1,Image 1,198,201,
