
Intensity Center Ch=1 Img=1
 ==================== 
Intensity Center,Unit,Category,Channel,Image,Time,ID,
409,,Spot,1,Image 1,87,0,
260,,Spot,1,Image 1,87,1,
247,,Spot,1,Image 1,87,2,
209,,Spot,1,Image 1,87,3,
453,,Spot,1,Image 1,90,4,
399,,Spot,1,Image 1,90,5,
451,,Spot,1,Image 1,90,8,
384,,Spot,1,Image 1,90,9,
234,,Spot,1,Image 1,93,10,
411,,Spot,1,Image 1,93,12,
366,,Spot,1,Image 1,93,13,
366,,Spot,1,Image 1,93,15,
172,,Spot,1,Image 1,96,16,
425,,Spot,1,Image 1,96,17,
644,,Spot,1,Image 1,96,18,
182,,Spot,1,Image 1,96,20,
354,,Spot,1,Image 1,99,21,
413,,Spot,1,Image 1,99,22,
391,,Spot,1,Image 1,99,23,
472,,Spot,1,Image 1,99,25,
262,,Spot,1,Image 1,102,26,
268,,Spot,1,Image 1,102,27,
256,,Spot,1,Image 1,102,29,
328,,Spot,1,Image 1,102,30,
262,,Spot,1,Image 1,105,31,
381,,Spot,1,Image 1,105,33,
375,,Spot,1,Image 1,105,34,
505,,Spot,1,Image 1,105,35,
432,,Spot,1,Image 1,108,36,
209,,Spot,1,Image 1,108,38,
390,,Spot,1,Image 1,108,39,
349,,Spot,1,Image 1,108,40,
631,,Spot,1,Image 1,111,41,
540,,Spot,1,Image 1,111,42,
442,,Spot,1,Image 1,111,43,
669,,Spot,1,Image 1,111,44,
240,,Spot,1,Image 1,114,45,
155,,Spot,1,Image 1,114,46,
878,,Spot,1,Image 1,114,48,
309,,Spot,1,Image 1,114,51,
379,,Spot,1,Image 1,117,52,
236,,Spot,1,Image 1,117,53,
281,,Spot,1,Image 1,117,55,
150,,Spot,1,Image 1,117,57,
561,,Spot,1,Image 1,120,58,
179,,Spot,1,Image 1,120,60,
691,,Spot,1,Image 1,120,61,
437,,Spot,1,Image 1,120,62,
158,,Spot,1,Image 1,123,63,
224,,Spot,1,Image 1,123,64,
297,,Spot,1,Image 1,123,65,
284,,Spot,1,Image 1,123,66,
382,,Spot,1,Image 1,126,67,
219,,Spot,1,Image 1,126,69,
399,,Spot,1,Image 1,126,71,
681,,Spot,1,Image 1,126,72,
161,,Spot,1,Image 1,129,73,
307,,Spot,1,Image 1,129,74,
193,,Spot,1,Image 1,129,75,
336,,Spot,1,Image 1,129,76,
121,,Spot,1,Image 1,132,77,
344,,Spot,1,Image 1,132,78,
404,,Spot,1,Image 1,132,79,
225,,Spot,1,Image 1,132,80,
277,,Spot,1,Image 1,135,81,
359,,Spot,1,Image 1,135,82,
405,,Spot,1,Image 1,135,83,
495,,Spot,1,Image 1,135,84,
199,,Spot,1,Image 1,138,85,
293,,Spot,1,Image 1,138,88,
327,,Spot,1,Image 1,138,89,
245,,Spot,1,Image 1,138,90,
310,,Spot,1,Image 1,141,91,
227,,Spot,1,Image 1,141,92,
365,,Spot,1,Image 1,141,93,
525,,Spot,1,Image 1,141,95,
514,,Spot,1,Image 1,144,98,
524,,Spot,1,Image 1,144,99,
301,,Spot,1,Image 1,144,100,
213,,Spot,1,Image 1,144,101,
379,,Spot,1,Image 1,147,102,
230,,Spot,1,Image 1,147,103,
107,,Spot,1,Image 1,147,104,
255,,Spot,1,Image 1,147,105,
321,,Spot,1,Image 1,150,107,
582,,Spot,1,Image 1,150,108,
192,,Spot,1,Image 1,150,109,
214,,Spot,1,Image 1,150,110,
242,,Spot,1,Image 1,153,111,
368,,Spot,1,Image 1,153,114,
456,,Spot,1,Image 1,153,115,
188,,Spot,1,Image 1,153,116,
234,,Spot,1,Image 1,156,117,
260,,Spot,1,Image 1,156,118,
301,,Spot,1,Image 1,156,120,
217,,Spot,1,Image 1,156,121,
224,,Spot,1,Image 1,159,123,
635,,Spot,1,Image 1,159,124,
519,,Spot,1,Image 1,159,125,
176,,Spot,1,Image 1,159,126,
202,,Spot,1,Image 1,162,128,
609,,Spot,1,Image 1,162,130,
172,,Spot,1,Image 1,162,131,
261,,Spot,1,Image 1,162,133,
390,,Spot,1,Image 1,165,134,
103,,Spot,1,Image 1,165,135,
169,,Spot,1,Image 1,165,136,
281,,Spot,1,Image 1,165,139,
519,,Spot,1,Image 1,168,140,
489,,Spot,1,Image 1,168,142,
393,,Spot,1,Image 1,168,146,
373,,Spot,1,Image 1,168,147,
180,,Spot,1,Image 1,171,148,
275,,Spot,1,Image 1,171,149,
267,,Spot,1,Image 1,171,151,
396,,Spot,1,Image 1,171,152,
124,,Spot,1,Image 1,174,153,
284,,Spot,1,Image 1,174,154,
247,,Spot,1,Image 1,174,155,
413,,Spot,1,Image 1,174,157,
329,,Spot,1,Image 1,177,158,
208,,Spot,1,Image 1,177,159,
493,,Spot,1,Image 1,177,160,
326,,Spot,1,Image 1,177,165,
304,,Spot,1,Image 1,180,166,
516,,Spot,1,Image 1,180,167,
284,,Spot,1,Image 1,180,168,
528,,Spot,1,Image 1,180,169,
377,,Spot,1,Image 1,183,170,
273,,Spot,1,Image 1,183,171,
177,,Spot,1,Image 1,183,172,
125,,Spot,1,Image 1,183,173,
249,,Spot,1,Image 1,186,174,
253,,Spot,1,Image 1,186,175,
257,,Spot,1,Image 1,186,178,
575,,Spot,1,Image 1,186,179,
155,,Spot,1,Image 1,189,180,
277,,Spot,1,Image 1,189,181,
200,,Spot,1,Image 1,189,182,
231,,Spot,1,Image 1,189,183,
122,,Spot,1,Image 1,192,184,
308,,Spot,1,Image 1,192,185,
171,,Spot,1,Image 1,192,188,
98,,Spot,1,Image 1,192,189,
196,,Spot,1,Image 1,195,190,
294,,Spot,1,Image 1,195,191,
379,,Spot,1,Image 1,195,193,
558,,Spot,1,Image 1,195,194,
308,,Spot,1,Image 1,198,195,
439,,Spot,1,Image 1,198,196,
118,,Spot,1,Image 1,198,200,
421,,Spot,1,Image 1,198,201,
