
Intensity Max Ch=2 Img=1
 ==================== 
Intensity Max,Unit,Category,Channel,Image,Time,ID,
2859,,Spot,2,Image 1,87,0,
6445,,Spot,2,Image 1,87,1,
4433,,Spot,2,Image 1,87,2,
2920,,Spot,2,Image 1,87,3,
5700,,Spot,2,Image 1,90,4,
6280,,Spot,2,Image 1,90,5,
4161,,Spot,2,Image 1,90,8,
3202,,Spot,2,Image 1,90,9,
5086,,Spot,2,Image 1,93,10,
1807,,Spot,2,Image 1,93,12,
3019,,Spot,2,Image 1,93,13,
5747,,Spot,2,Image 1,93,15,
2516,,Spot,2,Image 1,96,16,
5334,,Spot,2,Image 1,96,17,
1693,,Spot,2,Image 1,96,18,
4509,,Spot,2,Image 1,96,20,
3908,,Spot,2,Image 1,99,21,
3772,,Spot,2,Image 1,99,22,
3084,,Spot,2,Image 1,99,23,
1704,,Spot,2,Image 1,99,25,
1363,,Spot,2,Image 1,102,26,
3882,,Spot,2,Image 1,102,27,
3515,,Spot,2,Image 1,102,29,
1593,,Spot,2,Image 1,102,30,
4135,,Spot,2,Image 1,105,31,
4866,,Spot,2,Image 1,105,33,
5683,,Spot,2,Image 1,105,34,
2089,,Spot,2,Image 1,105,35,
1896,,Spot,2,Image 1,108,36,
1582,,Spot,2,Image 1,108,38,
1512,,Spot,2,Image 1,108,39,
1060,,Spot,2,Image 1,108,40,
3739,,Spot,2,Image 1,111,41,
2785,,Spot,2,Image 1,111,42,
2687,,Spot,2,Image 1,111,43,
3946,,Spot,2,Image 1,111,44,
3199,,Spot,2,Image 1,114,45,
1531,,Spot,2,Image 1,114,46,
1851,,Spot,2,Image 1,114,48,
1332,,Spot,2,Image 1,114,51,
1503,,Spot,2,Image 1,117,52,
1788,,Spot,2,Image 1,117,53,
1279,,Spot,2,Image 1,117,55,
1194,,Spot,2,Image 1,117,57,
5088,,Spot,2,Image 1,120,58,
3121,,Spot,2,Image 1,120,60,
4447,,Spot,2,Image 1,120,61,
1728,,Spot,2,Image 1,120,62,
1486,,Spot,2,Image 1,123,63,
1566,,Spot,2,Image 1,123,64,
5775,,Spot,2,Image 1,123,65,
4397,,Spot,2,Image 1,123,66,
1680,,Spot,2,Image 1,126,67,
1964,,Spot,2,Image 1,126,69,
1939,,Spot,2,Image 1,126,71,
2316,,Spot,2,Image 1,126,72,
4162,,Spot,2,Image 1,129,73,
1591,,Spot,2,Image 1,129,74,
1171,,Spot,2,Image 1,129,75,
1653,,Spot,2,Image 1,129,76,
3606,,Spot,2,Image 1,132,77,
1814,,Spot,2,Image 1,132,78,
2123,,Spot,2,Image 1,132,79,
1195,,Spot,2,Image 1,132,80,
1581,,Spot,2,Image 1,135,81,
3486,,Spot,2,Image 1,135,82,
867,,Spot,2,Image 1,135,83,
2122,,Spot,2,Image 1,135,84,
1580,,Spot,2,Image 1,138,85,
1517,,Spot,2,Image 1,138,88,
3176,,Spot,2,Image 1,138,89,
1141,,Spot,2,Image 1,138,90,
3095,,Spot,2,Image 1,141,91,
929,,Spot,2,Image 1,141,92,
1999,,Spot,2,Image 1,141,93,
1522,,Spot,2,Image 1,141,95,
1291,,Spot,2,Image 1,144,98,
2356,,Spot,2,Image 1,144,99,
1009,,Spot,2,Image 1,144,100,
1625,,Spot,2,Image 1,144,101,
1878,,Spot,2,Image 1,147,102,
1522,,Spot,2,Image 1,147,103,
4041,,Spot,2,Image 1,147,104,
907,,Spot,2,Image 1,147,105,
3750,,Spot,2,Image 1,150,107,
1503,,Spot,2,Image 1,150,108,
1019,,Spot,2,Image 1,150,109,
1849,,Spot,2,Image 1,150,110,
3849,,Spot,2,Image 1,153,111,
1924,,Spot,2,Image 1,153,114,
826,,Spot,2,Image 1,153,115,
953,,Spot,2,Image 1,153,116,
988,,Spot,2,Image 1,156,117,
1273,,Spot,2,Image 1,156,118,
2403,,Spot,2,Image 1,156,120,
2124,,Spot,2,Image 1,156,121,
2574,,Spot,2,Image 1,159,123,
1388,,Spot,2,Image 1,159,124,
3152,,Spot,2,Image 1,159,125,
1390,,Spot,2,Image 1,159,126,
917,,Spot,2,Image 1,162,128,
1049,,Spot,2,Image 1,162,130,
3688,,Spot,2,Image 1,162,131,
1093,,Spot,2,Image 1,162,133,
2089,,Spot,2,Image 1,165,134,
974,,Spot,2,Image 1,165,135,
1638,,Spot,2,Image 1,165,136,
3477,,Spot,2,Image 1,165,139,
1520,,Spot,2,Image 1,168,140,
2235,,Spot,2,Image 1,168,142,
3532,,Spot,2,Image 1,168,146,
1056,,Spot,2,Image 1,168,147,
1681,,Spot,2,Image 1,171,148,
4219,,Spot,2,Image 1,171,149,
1568,,Spot,2,Image 1,171,151,
1313,,Spot,2,Image 1,171,152,
1090,,Spot,2,Image 1,174,153,
3215,,Spot,2,Image 1,174,154,
4510,,Spot,2,Image 1,174,155,
5013,,Spot,2,Image 1,174,157,
2007,,Spot,2,Image 1,177,158,
1131,,Spot,2,Image 1,177,159,
804,,Spot,2,Image 1,177,160,
3163,,Spot,2,Image 1,177,165,
3306,,Spot,2,Image 1,180,166,
4499,,Spot,2,Image 1,180,167,
5959,,Spot,2,Image 1,180,168,
3941,,Spot,2,Image 1,180,169,
4455,,Spot,2,Image 1,183,170,
2053,,Spot,2,Image 1,183,171,
1433,,Spot,2,Image 1,183,172,
4753,,Spot,2,Image 1,183,173,
4421,,Spot,2,Image 1,186,174,
4704,,Spot,2,Image 1,186,175,
4172,,Spot,2,Image 1,186,178,
3534,,Spot,2,Image 1,186,179,
3593,,Spot,2,Image 1,189,180,
3330,,Spot,2,Image 1,189,181,
2523,,Spot,2,Image 1,189,182,
1867,,Spot,2,Image 1,189,183,
4087,,Spot,2,Image 1,192,184,
2219,,Spot,2,Image 1,192,185,
3226,,Spot,2,Image 1,192,188,
2517,,Spot,2,Image 1,192,189,
3309,,Spot,2,Image 1,195,190,
2789,,Spot,2,Image 1,195,191,
5129,,Spot,2,Image 1,195,193,
5239,,Spot,2,Image 1,195,194,
1909,,Spot,2,Image 1,198,195,
3432,,Spot,2,Image 1,198,196,
3245,,Spot,2,Image 1,198,200,
4456,,Spot,2,Image 1,198,201,
