
Ellipsoid Axis C
 ==================== 
Ellipsoid Axis C X,Ellipsoid Axis C Y,Ellipsoid Axis C Z,Unit,Category,Collection,Time,TrackID,ID,
0.0178696,-0.00700312,0.999816,um,Surface,Ellipsoid Axis C,1,1000000016,16,
0.0582699,-0.00489671,0.998289,um,Surface,Ellipsoid Axis C,1,1000000015,17,
0.0218445,-0.04274,0.998847,um,Surface,Ellipsoid Axis C,1,1000000018,18,
0.0160553,-0.0493742,0.998651,um,Surface,Ellipsoid Axis C,1,1000000013,19,
0.0142394,-0.0739533,0.99716,um,Surface,Ellipsoid Axis C,1,1000000020,20,
0.052703,-0.0326896,0.998075,um,Surface,Ellipsoid Axis C,1,1000000021,21,
0.0728421,-0.0191242,0.99716,um,Surface,Ellipsoid Axis C,1,1000000022,22,
0.0106309,-0.0598498,0.998151,um,Surface,Ellipsoid Axis C,1,1000000023,23,
0.0167055,-0.0346527,0.99926,um,Surface,Ellipsoid Axis C,1,1000000024,24,
-0.00897103,-0.00273557,0.999956,um,Surface,Ellipsoid Axis C,1,1000000025,25,
0.0148667,-0.0285077,0.999483,um,Surface,Ellipsoid Axis C,1,1000000026,26,
0.0299645,-0.0171455,0.999404,um,Surface,Ellipsoid Axis C,1,1000000027,27,
0.00177262,-0.0307526,0.999525,um,Surface,Ellipsoid Axis C,1,1000000028,28,
0.00605526,-0.0066301,0.99996,um,Surface,Ellipsoid Axis C,1,1000000029,29,
0.0190673,-0.0605255,0.997985,um,Surface,Ellipsoid Axis C,1,1000000030,30,
-0.0160089,-0.0423099,0.998976,um,Surface,Ellipsoid Axis C,1,1000000031,31,
0.0161011,-0.0290359,0.999449,um,Surface,Ellipsoid Axis C,1,1000000032,32,
0.0303557,-0.0628873,0.997559,um,Surface,Ellipsoid Axis C,1,1000000033,33,
0.0342268,-0.0234742,0.999138,um,Surface,Ellipsoid Axis C,1,1000000034,34,
0.0223092,-0.0183975,0.999582,um,Surface,Ellipsoid Axis C,1,1000000035,35,
-0.0256734,-0.0211814,0.999446,um,Surface,Ellipsoid Axis C,1,1000000036,36,
0.0281886,-0.00137301,0.999602,um,Surface,Ellipsoid Axis C,2,1000000016,37,
0.0195809,0.000801754,0.999808,um,Surface,Ellipsoid Axis C,2,1000000015,38,
0.0263961,-0.0300924,0.999198,um,Surface,Ellipsoid Axis C,2,1000000018,39,
0.0208895,-0.0397441,0.998991,um,Surface,Ellipsoid Axis C,2,1000000013,40,
0.018461,-0.0615189,0.997935,um,Surface,Ellipsoid Axis C,2,1000000020,41,
0.0498792,-0.0351911,0.998135,um,Surface,Ellipsoid Axis C,2,1000000021,42,
-0.000177296,-0.0298678,0.999554,um,Surface,Ellipsoid Axis C,2,1000000024,43,
0.0156535,-0.0380408,0.999154,um,Surface,Ellipsoid Axis C,2,1000000023,44,
0.0478226,-0.0109244,0.998796,um,Surface,Ellipsoid Axis C,2,1000000022,45,
-0.00986771,0.00413618,0.999943,um,Surface,Ellipsoid Axis C,2,1000000025,46,
0.00169266,-0.0195984,0.999807,um,Surface,Ellipsoid Axis C,2,1000000026,47,
0.0160397,-0.0118357,0.999801,um,Surface,Ellipsoid Axis C,2,1000000027,48,
-0.00159472,-0.0159189,0.999872,um,Surface,Ellipsoid Axis C,2,1000000028,49,
-0.0245656,0.0172956,0.999549,um,Surface,Ellipsoid Axis C,2,1000000029,50,
0.00835728,-0.0412016,0.999116,um,Surface,Ellipsoid Axis C,2,1000000030,51,
0.00257489,-0.0403989,0.99918,um,Surface,Ellipsoid Axis C,2,1000000031,52,
0.00787623,-0.0354534,0.99934,um,Surface,Ellipsoid Axis C,2,1000000032,53,
0.00703807,-0.067431,0.997699,um,Surface,Ellipsoid Axis C,2,1000000033,54,
0.0225281,-0.0190583,0.999565,um,Surface,Ellipsoid Axis C,2,1000000034,55,
0.0104363,-0.0202902,0.99974,um,Surface,Ellipsoid Axis C,2,1000000035,56,
-0.00924859,-0.0240211,0.999669,um,Surface,Ellipsoid Axis C,2,1000000036,57,
0.0263565,-0.0156457,0.99953,um,Surface,Ellipsoid Axis C,3,1000000016,58,
0.061473,-0.00731887,0.998082,um,Surface,Ellipsoid Axis C,3,1000000015,59,
0.0289246,-0.0419081,0.998703,um,Surface,Ellipsoid Axis C,3,1000000018,60,
0.0193134,-0.0572678,0.998172,um,Surface,Ellipsoid Axis C,3,1000000013,61,
0.00434678,-0.0751076,0.997166,um,Surface,Ellipsoid Axis C,3,1000000020,62,
0.0384436,-0.0437069,0.998304,um,Surface,Ellipsoid Axis C,3,1000000021,63,
0.0599146,-0.00977322,0.998156,um,Surface,Ellipsoid Axis C,3,1000000022,64,
0.0018723,-0.0393036,0.999226,um,Surface,Ellipsoid Axis C,3,1000000024,65,
0.00847444,-0.0672074,0.997703,um,Surface,Ellipsoid Axis C,3,1000000023,66,
-0.00800514,-0.0140511,0.999869,um,Surface,Ellipsoid Axis C,3,1000000025,67,
0.0170344,-0.00946649,0.99981,um,Surface,Ellipsoid Axis C,3,1000000026,68,
0.0211763,-0.0216836,0.999541,um,Surface,Ellipsoid Axis C,3,1000000027,69,
0.00567629,-0.0238024,0.999701,um,Surface,Ellipsoid Axis C,3,1000000028,70,
-0.0065667,-0.0284254,0.999574,um,Surface,Ellipsoid Axis C,3,1000000029,71,
0.0078794,-0.0517095,0.998631,um,Surface,Ellipsoid Axis C,3,1000000030,72,
-0.00719844,-0.0372132,0.999281,um,Surface,Ellipsoid Axis C,3,1000000031,73,
0.0104379,-0.0279654,0.999554,um,Surface,Ellipsoid Axis C,3,1000000032,74,
0.0176396,-0.0617362,0.997937,um,Surface,Ellipsoid Axis C,3,1000000033,75,
0.0412116,-0.0155175,0.99903,um,Surface,Ellipsoid Axis C,3,1000000034,76,
-0.00451999,-0.0145172,0.999884,um,Surface,Ellipsoid Axis C,3,1000000035,77,
-0.00229752,-0.00537958,0.999983,um,Surface,Ellipsoid Axis C,3,1000000036,78,
0.0115113,-0.00765833,0.999904,um,Surface,Ellipsoid Axis C,4,1000000016,79,
0.0185291,-0.0032675,0.999823,um,Surface,Ellipsoid Axis C,4,1000000015,80,
0.0192297,-0.0296682,0.999375,um,Surface,Ellipsoid Axis C,4,1000000018,81,
0.0184905,-0.0606041,0.997991,um,Surface,Ellipsoid Axis C,4,1000000013,82,
-0.00261451,-0.0756713,0.997129,um,Surface,Ellipsoid Axis C,4,1000000020,83,
0.0324857,-0.0367704,0.998796,um,Surface,Ellipsoid Axis C,4,1000000021,84,
0.00607162,-0.04875,0.998793,um,Surface,Ellipsoid Axis C,4,1000000024,85,
0.00700538,-0.0577784,0.998305,um,Surface,Ellipsoid Axis C,4,1000000023,86,
0.036937,0.0073581,0.999291,um,Surface,Ellipsoid Axis C,4,1000000022,87,
-0.00406134,-0.025107,0.999677,um,Surface,Ellipsoid Axis C,4,1000000025,88,
0.0231653,-0.0214214,0.999502,um,Surface,Ellipsoid Axis C,4,1000000026,89,
0.0182354,-0.0197905,0.999638,um,Surface,Ellipsoid Axis C,4,1000000027,90,
0.00473438,-0.0143882,0.999885,um,Surface,Ellipsoid Axis C,4,1000000028,91,
-0.0249867,-0.0184244,0.999518,um,Surface,Ellipsoid Axis C,4,1000000029,92,
0.0112001,-0.0296472,0.999498,um,Surface,Ellipsoid Axis C,4,1000000030,93,
0.000751986,-0.0296047,0.999561,um,Surface,Ellipsoid Axis C,4,1000000031,94,
0.00769476,-0.025673,0.999641,um,Surface,Ellipsoid Axis C,4,1000000032,95,
0.0259312,-0.0680877,0.997342,um,Surface,Ellipsoid Axis C,4,1000000033,96,
0.047263,-0.0256805,0.998552,um,Surface,Ellipsoid Axis C,4,1000000034,97,
0.00654478,-0.00744086,0.999951,um,Surface,Ellipsoid Axis C,4,1000000035,98,
0.0106374,-0.00584321,0.999926,um,Surface,Ellipsoid Axis C,4,1000000036,99,
0.0331209,-0.00296386,0.999447,um,Surface,Ellipsoid Axis C,5,1000000016,100,
0.0415986,-0.00359968,0.999128,um,Surface,Ellipsoid Axis C,5,1000000015,101,
0.0295352,-0.0232329,0.999294,um,Surface,Ellipsoid Axis C,5,1000000018,102,
0.0309962,-0.0729857,0.996851,um,Surface,Ellipsoid Axis C,5,1000000013,103,
-0.00249175,-0.069156,0.997603,um,Surface,Ellipsoid Axis C,5,1000000020,104,
0.0265571,-0.0432032,0.998713,um,Surface,Ellipsoid Axis C,5,1000000021,105,
0.0688176,-0.013794,0.997534,um,Surface,Ellipsoid Axis C,5,1000000022,106,
-0.00834641,-0.0521531,0.998604,um,Surface,Ellipsoid Axis C,5,1000000024,107,
0.00875566,-0.0644184,0.997885,um,Surface,Ellipsoid Axis C,5,1000000023,108,
-0.00406346,-0.0407154,0.999162,um,Surface,Ellipsoid Axis C,5,1000000025,109,
0.0227868,-0.0181054,0.999576,um,Surface,Ellipsoid Axis C,5,1000000026,110,
0.0390737,-0.012831,0.999154,um,Surface,Ellipsoid Axis C,5,1000000027,111,
0.00420068,-0.00909295,0.99995,um,Surface,Ellipsoid Axis C,5,1000000028,112,
-0.0136073,-0.0247067,0.999602,um,Surface,Ellipsoid Axis C,5,1000000029,113,
0.00191976,-0.0492591,0.998784,um,Surface,Ellipsoid Axis C,5,1000000030,114,
-0.0136716,-0.0212545,0.999681,um,Surface,Ellipsoid Axis C,5,1000000031,115,
0.00557421,-0.0346925,0.999382,um,Surface,Ellipsoid Axis C,5,1000000032,116,
0.0338924,-0.0779546,0.996381,um,Surface,Ellipsoid Axis C,5,1000000033,117,
0.00955938,-0.0317408,0.99945,um,Surface,Ellipsoid Axis C,5,1000000034,118,
0.00141008,-0.00524549,0.999985,um,Surface,Ellipsoid Axis C,5,1000000035,119,
0.0106436,-0.00618193,0.999924,um,Surface,Ellipsoid Axis C,5,1000000036,120,
0.0191451,-0.0185863,0.999644,um,Surface,Ellipsoid Axis C,6,1000000016,121,
0.050175,-0.00720501,0.998714,um,Surface,Ellipsoid Axis C,6,1000000015,122,
0.020277,-0.0320384,0.999281,um,Surface,Ellipsoid Axis C,6,1000000018,123,
0.00764382,-0.0528017,0.998576,um,Surface,Ellipsoid Axis C,6,1000000013,124,
-0.0071906,-0.0842903,0.996415,um,Surface,Ellipsoid Axis C,6,1000000020,125,
0.0434872,-0.0357045,0.998416,um,Surface,Ellipsoid Axis C,6,1000000021,126,
-0.000576186,-0.0619572,0.998079,um,Surface,Ellipsoid Axis C,6,1000000024,127,
0.00752261,-0.0659845,0.997792,um,Surface,Ellipsoid Axis C,6,1000000023,128,
0.0497248,-0.025929,0.998426,um,Surface,Ellipsoid Axis C,6,1000000022,129,
-0.00431583,-0.0209909,0.99977,um,Surface,Ellipsoid Axis C,6,1000000025,130,
-0.00621204,-0.0204786,0.999771,um,Surface,Ellipsoid Axis C,6,1000000026,131,
0.0241154,-0.0130819,0.999624,um,Surface,Ellipsoid Axis C,6,1000000027,132,
0.0107092,0.000444375,0.999943,um,Surface,Ellipsoid Axis C,6,1000000028,133,
-0.0264211,-0.0272155,0.99928,um,Surface,Ellipsoid Axis C,6,1000000029,134,
0.00829349,-0.0530582,0.998557,um,Surface,Ellipsoid Axis C,6,1000000030,135,
-0.00556088,-0.0316643,0.999483,um,Surface,Ellipsoid Axis C,6,1000000031,136,
0.00547179,-0.0326988,0.99945,um,Surface,Ellipsoid Axis C,6,1000000032,137,
0.0327587,-0.069176,0.997066,um,Surface,Ellipsoid Axis C,6,1000000033,138,
-0.0719688,-0.0225918,0.997151,um,Surface,Ellipsoid Axis C,6,1000000034,139,
0.00949183,-0.00190855,0.999953,um,Surface,Ellipsoid Axis C,6,1000000035,140,
0.0265573,-0.0223598,0.999397,um,Surface,Ellipsoid Axis C,6,1000000036,141,
0.00590507,-0.0282953,0.999582,um,Surface,Ellipsoid Axis C,7,1000000016,142,
0.0417756,-0.00298581,0.999123,um,Surface,Ellipsoid Axis C,7,1000000015,143,
0.015114,-0.0403542,0.999071,um,Surface,Ellipsoid Axis C,7,1000000018,144,
0.00449897,-0.0454851,0.998955,um,Surface,Ellipsoid Axis C,7,1000000013,145,
0.0110392,-0.0730138,0.99727,um,Surface,Ellipsoid Axis C,7,1000000020,146,
0.028899,-0.0533026,0.99816,um,Surface,Ellipsoid Axis C,7,1000000021,147,
0.0293873,-0.00729519,0.999541,um,Surface,Ellipsoid Axis C,7,1000000022,148,
0.0105915,-0.0447472,0.998942,um,Surface,Ellipsoid Axis C,7,1000000024,149,
0.00793677,-0.0680605,0.99765,um,Surface,Ellipsoid Axis C,7,1000000023,150,
-0.0103334,0.000886703,0.999946,um,Surface,Ellipsoid Axis C,7,1000000025,151,
0.0114534,-0.0188942,0.999756,um,Surface,Ellipsoid Axis C,7,1000000026,152,
0.024677,-0.0118424,0.999625,um,Surface,Ellipsoid Axis C,7,1000000027,153,
0.00117273,-0.0144483,0.999895,um,Surface,Ellipsoid Axis C,7,1000000028,154,
-0.0216623,-0.037138,0.999075,um,Surface,Ellipsoid Axis C,7,1000000029,155,
0.00530552,-0.0438503,0.999024,um,Surface,Ellipsoid Axis C,7,1000000030,156,
-0.0244936,-0.0318105,0.999194,um,Surface,Ellipsoid Axis C,7,1000000031,157,
0.0038127,-0.0222579,0.999745,um,Surface,Ellipsoid Axis C,7,1000000032,158,
0.0320219,-0.0610024,0.997624,um,Surface,Ellipsoid Axis C,7,1000000033,159,
-0.0707663,-0.019986,0.997293,um,Surface,Ellipsoid Axis C,7,1000000034,160,
-0.00664686,0.0139022,0.999881,um,Surface,Ellipsoid Axis C,7,1000000035,161,
0.0181595,-0.0190067,0.999654,um,Surface,Ellipsoid Axis C,7,1000000036,162,
0.00534611,-0.0283965,0.999582,um,Surface,Ellipsoid Axis C,8,1000000016,163,
0.0582521,0.00106237,0.998301,um,Surface,Ellipsoid Axis C,8,1000000015,164,
0.0128918,-0.0515587,0.998587,um,Surface,Ellipsoid Axis C,8,1000000018,165,
0.0192249,-0.0521151,0.998456,um,Surface,Ellipsoid Axis C,8,1000000013,166,
0.0211958,-0.0757096,0.996905,um,Surface,Ellipsoid Axis C,8,1000000020,167,
0.0131234,-0.0478364,0.998769,um,Surface,Ellipsoid Axis C,8,1000000021,168,
0.0327235,-0.0147424,0.999356,um,Surface,Ellipsoid Axis C,8,1000000022,169,
0.0132482,-0.0503484,0.998644,um,Surface,Ellipsoid Axis C,8,1000000024,170,
-0.00162483,-0.0481728,0.998838,um,Surface,Ellipsoid Axis C,8,1000000023,171,
-0.00917936,-0.00913022,0.999916,um,Surface,Ellipsoid Axis C,8,1000000025,172,
0.00860097,-0.0222338,0.999716,um,Surface,Ellipsoid Axis C,8,1000000026,173,
0.0257354,-0.00562256,0.999653,um,Surface,Ellipsoid Axis C,8,1000000027,174,
-0.00973129,-0.00900097,0.999912,um,Surface,Ellipsoid Axis C,8,1000000028,175,
-0.00618891,-0.0242417,0.999687,um,Surface,Ellipsoid Axis C,8,1000000029,176,
-0.0040874,-0.026442,0.999642,um,Surface,Ellipsoid Axis C,8,1000000030,177,
-0.00872714,-0.0363437,0.999301,um,Surface,Ellipsoid Axis C,8,1000000031,178,
0.00177623,-0.034499,0.999403,um,Surface,Ellipsoid Axis C,8,1000000032,179,
0.0377245,-0.0493064,0.998071,um,Surface,Ellipsoid Axis C,8,1000000033,180,
0.0149603,-0.0143358,0.999785,um,Surface,Ellipsoid Axis C,8,1000000034,181,
0.00824986,0.00563499,0.99995,um,Surface,Ellipsoid Axis C,8,1000000035,182,
0.0101659,-0.0193966,0.99976,um,Surface,Ellipsoid Axis C,8,1000000036,183,
0.0145122,-0.00515791,0.999881,um,Surface,Ellipsoid Axis C,9,1000000016,184,
0.0599206,-0.0020861,0.998201,um,Surface,Ellipsoid Axis C,9,1000000015,185,
0.0123218,-0.0487019,0.998737,um,Surface,Ellipsoid Axis C,9,1000000018,186,
0.00338344,-0.0712749,0.997451,um,Surface,Ellipsoid Axis C,9,1000000013,187,
0.0306373,-0.0783553,0.996455,um,Surface,Ellipsoid Axis C,9,1000000020,188,
0.00717825,-0.0495129,0.998748,um,Surface,Ellipsoid Axis C,9,1000000021,189,
0.00170261,-0.0553717,0.998464,um,Surface,Ellipsoid Axis C,9,1000000024,190,
-0.00364405,-0.0689761,0.997612,um,Surface,Ellipsoid Axis C,9,1000000023,191,
0.0500605,-0.024754,0.998439,um,Surface,Ellipsoid Axis C,9,1000000022,192,
-0.0108266,-0.0326945,0.999407,um,Surface,Ellipsoid Axis C,9,1000000025,193,
-0.000662645,-0.0308971,0.999522,um,Surface,Ellipsoid Axis C,9,1000000026,194,
0.0297982,-0.0183845,0.999387,um,Surface,Ellipsoid Axis C,9,1000000027,195,
-0.00153004,-0.0158509,0.999873,um,Surface,Ellipsoid Axis C,9,1000000028,196,
-0.00104301,-0.0437872,0.99904,um,Surface,Ellipsoid Axis C,9,1000000029,197,
-0.0147102,-0.035633,0.999257,um,Surface,Ellipsoid Axis C,9,1000000030,198,
-0.010534,-0.0502452,0.998681,um,Surface,Ellipsoid Axis C,9,1000000031,199,
0.0011506,-0.0352751,0.999377,um,Surface,Ellipsoid Axis C,9,1000000032,200,
0.0335426,-0.0534283,0.998008,um,Surface,Ellipsoid Axis C,9,1000000033,201,
-0.00725108,-0.00980233,0.999926,um,Surface,Ellipsoid Axis C,9,1000000034,202,
-0.0128199,0.000248079,0.999918,um,Surface,Ellipsoid Axis C,9,1000000035,203,
-0.0168474,-0.0316362,0.999357,um,Surface,Ellipsoid Axis C,9,1000000036,204,
-0.00897705,-0.0127285,0.999879,um,Surface,Ellipsoid Axis C,9,1000000205,205,
0.0152631,-0.00217894,0.999881,um,Surface,Ellipsoid Axis C,10,1000000016,206,
0.0447567,-0.00573562,0.998981,um,Surface,Ellipsoid Axis C,10,1000000015,207,
0.00947922,-0.0358286,0.999313,um,Surface,Ellipsoid Axis C,10,1000000018,208,
0.0061575,-0.0613447,0.998098,um,Surface,Ellipsoid Axis C,10,1000000013,209,
0.0145122,-0.0664055,0.997687,um,Surface,Ellipsoid Axis C,10,1000000020,210,
0.0112566,-0.0356341,0.999301,um,Surface,Ellipsoid Axis C,10,1000000021,211,
0.00274201,-0.034877,0.999388,um,Surface,Ellipsoid Axis C,10,1000000024,212,
-0.00777851,-0.0573767,0.998322,um,Surface,Ellipsoid Axis C,10,1000000023,213,
0.0331282,-0.0197528,0.999256,um,Surface,Ellipsoid Axis C,10,1000000022,214,
-0.0100772,-0.0248392,0.999641,um,Surface,Ellipsoid Axis C,10,1000000025,215,
0.00550832,-0.0260084,0.999647,um,Surface,Ellipsoid Axis C,10,1000000026,216,
0.0354919,-0.0189475,0.99919,um,Surface,Ellipsoid Axis C,10,1000000027,217,
0.0103929,-0.00977953,0.999898,um,Surface,Ellipsoid Axis C,10,1000000028,218,
-0.0110183,-0.0225934,0.999684,um,Surface,Ellipsoid Axis C,10,1000000029,219,
0.00305385,-0.0275622,0.999615,um,Surface,Ellipsoid Axis C,10,1000000030,220,
-0.0110073,-0.0574675,0.998287,um,Surface,Ellipsoid Axis C,10,1000000031,221,
0.0070465,-0.0262424,0.999631,um,Surface,Ellipsoid Axis C,10,1000000032,222,
0.0453916,-0.0299205,0.998521,um,Surface,Ellipsoid Axis C,10,1000000033,223,
0.0048527,-0.00211018,0.999986,um,Surface,Ellipsoid Axis C,10,1000000034,224,
-0.005302,0.0184509,0.999816,um,Surface,Ellipsoid Axis C,10,1000000035,225,
-0.00483125,-0.0261138,0.999647,um,Surface,Ellipsoid Axis C,10,1000000036,226,
-0.00603721,-0.0278312,0.999594,um,Surface,Ellipsoid Axis C,10,1000000205,227,
0.0190927,-0.0127274,0.999737,um,Surface,Ellipsoid Axis C,11,1000000016,228,
0.0309099,-0.00175793,0.999521,um,Surface,Ellipsoid Axis C,11,1000000015,229,
0.0134018,-0.0402382,0.9991,um,Surface,Ellipsoid Axis C,11,1000000018,230,
-0.0129513,-0.0517435,0.998576,um,Surface,Ellipsoid Axis C,11,1000000013,231,
0.0168444,-0.0734212,0.997159,um,Surface,Ellipsoid Axis C,11,1000000020,232,
0.0171092,-0.0480211,0.9987,um,Surface,Ellipsoid Axis C,11,1000000021,233,
-0.0130076,-0.026616,0.999561,um,Surface,Ellipsoid Axis C,11,1000000024,234,
-0.00157285,-0.0786027,0.996905,um,Surface,Ellipsoid Axis C,11,1000000023,235,
0.0114172,-0.0186287,0.999761,um,Surface,Ellipsoid Axis C,11,1000000022,236,
-0.00930411,-0.0132659,0.999869,um,Surface,Ellipsoid Axis C,11,1000000025,237,
0.00780658,-0.0397905,0.999178,um,Surface,Ellipsoid Axis C,11,1000000026,238,
0.0260757,-0.0179413,0.999499,um,Surface,Ellipsoid Axis C,11,1000000027,239,
-0.0106284,-0.00549022,0.999928,um,Surface,Ellipsoid Axis C,11,1000000028,240,
0.00796144,-0.0224746,0.999716,um,Surface,Ellipsoid Axis C,11,1000000029,241,
-0.00363227,-0.036343,0.999333,um,Surface,Ellipsoid Axis C,11,1000000030,242,
-0.00263355,-0.0583602,0.998292,um,Surface,Ellipsoid Axis C,11,1000000031,243,
-0.00078225,-0.033696,0.999432,um,Surface,Ellipsoid Axis C,11,1000000032,244,
0.0192406,-0.0206865,0.999601,um,Surface,Ellipsoid Axis C,11,1000000033,245,
0.000774592,-0.00501235,0.999987,um,Surface,Ellipsoid Axis C,11,1000000034,246,
0.00111942,6.60552e-05,0.999999,um,Surface,Ellipsoid Axis C,11,1000000035,247,
-0.0195398,-0.017095,0.999663,um,Surface,Ellipsoid Axis C,11,1000000036,248,
-0.00764073,-0.0371379,0.999281,um,Surface,Ellipsoid Axis C,11,1000000205,249,
0.00463726,-0.00813788,0.999956,um,Surface,Ellipsoid Axis C,12,1000000016,250,
0.0464817,-0.00234776,0.998916,um,Surface,Ellipsoid Axis C,12,1000000015,251,
0.0124823,-0.0298409,0.999477,um,Surface,Ellipsoid Axis C,12,1000000018,252,
0.00750771,-0.0621592,0.998038,um,Surface,Ellipsoid Axis C,12,1000000013,253,
0.0222644,-0.0730677,0.997078,um,Surface,Ellipsoid Axis C,12,1000000020,254,
0.0161728,-0.0593487,0.998106,um,Surface,Ellipsoid Axis C,12,1000000021,255,
9.0883e-05,-0.0136967,0.999906,um,Surface,Ellipsoid Axis C,12,1000000024,256,
-0.00407509,-0.0639288,0.997946,um,Surface,Ellipsoid Axis C,12,1000000023,257,
0.00530073,-0.0223316,0.999737,um,Surface,Ellipsoid Axis C,12,1000000022,258,
-0.00975175,0.0111928,0.99989,um,Surface,Ellipsoid Axis C,12,1000000025,259,
0.00868738,-0.033399,0.999404,um,Surface,Ellipsoid Axis C,12,1000000026,260,
0.00857219,-0.00897288,0.999923,um,Surface,Ellipsoid Axis C,12,1000000027,261,
-0.00652975,0.00186759,0.999977,um,Surface,Ellipsoid Axis C,12,1000000028,262,
-0.00116804,-0.0143984,0.999896,um,Surface,Ellipsoid Axis C,12,1000000029,263,
-0.0191852,-0.0325485,0.999286,um,Surface,Ellipsoid Axis C,12,1000000030,264,
-0.0152458,-0.0465176,0.998801,um,Surface,Ellipsoid Axis C,12,1000000031,265,
0.00149892,-0.0264373,0.999649,um,Surface,Ellipsoid Axis C,12,1000000032,266,
0.0223802,-0.0248993,0.999439,um,Surface,Ellipsoid Axis C,12,1000000033,267,
-0.0124914,-0.00964488,0.999875,um,Surface,Ellipsoid Axis C,12,1000000034,268,
0.00292436,-0.0112427,0.999933,um,Surface,Ellipsoid Axis C,12,1000000035,269,
-0.00264025,-0.0170769,0.999851,um,Surface,Ellipsoid Axis C,12,1000000036,270,
-0.00847321,-0.0229661,0.9997,um,Surface,Ellipsoid Axis C,12,1000000205,271,
0.0251731,-0.0047405,0.999672,um,Surface,Ellipsoid Axis C,13,1000000016,272,
0.0404654,-0.00532557,0.999167,um,Surface,Ellipsoid Axis C,13,1000000015,273,
0.0103341,-0.027665,0.999564,um,Surface,Ellipsoid Axis C,13,1000000018,274,
0.000100661,-0.0625106,0.998044,um,Surface,Ellipsoid Axis C,13,1000000013,275,
0.00307708,-0.0675054,0.997714,um,Surface,Ellipsoid Axis C,13,1000000020,276,
0.0160135,-0.0442869,0.998891,um,Surface,Ellipsoid Axis C,13,1000000021,277,
-0.00760868,-0.0321044,0.999456,um,Surface,Ellipsoid Axis C,13,1000000024,278,
-0.00363518,-0.0788452,0.99688,um,Surface,Ellipsoid Axis C,13,1000000023,279,
0.01131,-0.0318311,0.999429,um,Surface,Ellipsoid Axis C,13,1000000022,280,
-0.0106973,-0.00143592,0.999942,um,Surface,Ellipsoid Axis C,13,1000000025,281,
0.017475,-0.0579953,0.998164,um,Surface,Ellipsoid Axis C,13,1000000026,282,
0.0400653,-0.0216205,0.998963,um,Surface,Ellipsoid Axis C,13,1000000027,283,
-0.0132174,0.00238079,0.99991,um,Surface,Ellipsoid Axis C,13,1000000028,284,
-0.0108658,-0.00602882,0.999923,um,Surface,Ellipsoid Axis C,13,1000000029,285,
0.00237142,-0.0316514,0.999496,um,Surface,Ellipsoid Axis C,13,1000000030,286,
-0.00736723,-0.0264116,0.999624,um,Surface,Ellipsoid Axis C,13,1000000031,287,
0.00432438,-0.0345307,0.999394,um,Surface,Ellipsoid Axis C,13,1000000032,288,
0.0252308,-0.028445,0.999277,um,Surface,Ellipsoid Axis C,13,1000000033,289,
0.0104314,-0.00563991,0.99993,um,Surface,Ellipsoid Axis C,13,1000000034,290,
0.00288713,-0.0171843,0.999848,um,Surface,Ellipsoid Axis C,13,1000000035,291,
-0.0188497,-0.00688223,0.999799,um,Surface,Ellipsoid Axis C,13,1000000036,292,
-0.0125644,-0.0142114,0.99982,um,Surface,Ellipsoid Axis C,13,1000000205,293,
0.000430219,-0.0101353,0.999949,um,Surface,Ellipsoid Axis C,14,1000000016,294,
0.0158059,0.00161764,0.999874,um,Surface,Ellipsoid Axis C,14,1000000015,295,
0.0213861,-0.0217271,0.999535,um,Surface,Ellipsoid Axis C,14,1000000018,296,
0.00378869,-0.0789109,0.996874,um,Surface,Ellipsoid Axis C,14,1000000013,297,
0.0151424,-0.0715474,0.997322,um,Surface,Ellipsoid Axis C,14,1000000020,298,
0.0143044,-0.0301593,0.999443,um,Surface,Ellipsoid Axis C,14,1000000021,299,
-0.0231148,-0.031872,0.999225,um,Surface,Ellipsoid Axis C,14,1000000024,300,
-0.00207562,-0.0858493,0.996306,um,Surface,Ellipsoid Axis C,14,1000000023,301,
0.00710031,-0.0237799,0.999692,um,Surface,Ellipsoid Axis C,14,1000000022,302,
-0.0156282,0.0139384,0.999781,um,Surface,Ellipsoid Axis C,14,1000000025,303,
0.0181994,-0.0436757,0.99888,um,Surface,Ellipsoid Axis C,14,1000000026,304,
0.0212309,-0.0339905,0.999197,um,Surface,Ellipsoid Axis C,14,1000000027,305,
-0.0091824,0.0104915,0.999903,um,Surface,Ellipsoid Axis C,14,1000000028,306,
-0.0133204,-0.0125135,0.999833,um,Surface,Ellipsoid Axis C,14,1000000029,307,
-0.0103576,-0.0115736,0.999879,um,Surface,Ellipsoid Axis C,14,1000000030,308,
-0.0122831,-0.00418947,0.999916,um,Surface,Ellipsoid Axis C,14,1000000031,309,
0.00354495,-0.031806,0.999488,um,Surface,Ellipsoid Axis C,14,1000000032,310,
0.0232467,-0.0310263,0.999248,um,Surface,Ellipsoid Axis C,14,1000000033,311,
0.0189768,-0.012277,0.999745,um,Surface,Ellipsoid Axis C,14,1000000034,312,
0.00914943,-0.0218312,0.99972,um,Surface,Ellipsoid Axis C,14,1000000035,313,
0.00344085,-0.00748472,0.999966,um,Surface,Ellipsoid Axis C,14,1000000036,314,
-0.00428335,-0.0149188,0.99988,um,Surface,Ellipsoid Axis C,14,1000000205,315,
0.00640073,-0.00897666,0.999939,um,Surface,Ellipsoid Axis C,15,1000000016,316,
0.0132491,-0.000623265,0.999912,um,Surface,Ellipsoid Axis C,15,1000000015,317,
0.0163567,-0.0298466,0.999421,um,Surface,Ellipsoid Axis C,15,1000000018,318,
0.0081357,-0.084114,0.996423,um,Surface,Ellipsoid Axis C,15,1000000013,319,
0.0040645,-0.0619952,0.998068,um,Surface,Ellipsoid Axis C,15,1000000020,320,
0.0153622,-0.0280481,0.999489,um,Surface,Ellipsoid Axis C,15,1000000021,321,
-0.00913215,-0.042288,0.999064,um,Surface,Ellipsoid Axis C,15,1000000024,322,
-0.00509147,-0.0762824,0.997073,um,Surface,Ellipsoid Axis C,15,1000000023,323,
0.0274324,-0.00567163,0.999608,um,Surface,Ellipsoid Axis C,15,1000000022,324,
-0.0119075,-0.0247974,0.999622,um,Surface,Ellipsoid Axis C,15,1000000025,325,
0.0132448,-0.0591175,0.998163,um,Surface,Ellipsoid Axis C,15,1000000026,326,
0.0202492,-0.0148624,0.999685,um,Surface,Ellipsoid Axis C,15,1000000027,327,
-0.00986793,0.00738126,0.999924,um,Surface,Ellipsoid Axis C,15,1000000028,328,
-0.012954,-0.00492972,0.999904,um,Surface,Ellipsoid Axis C,15,1000000029,329,
-0.00167353,-0.0282168,0.9996,um,Surface,Ellipsoid Axis C,15,1000000030,330,
0.0071403,-0.00496886,0.999962,um,Surface,Ellipsoid Axis C,15,1000000031,331,
0.00664729,-0.0331872,0.999427,um,Surface,Ellipsoid Axis C,15,1000000032,332,
0.0142592,-0.0389997,0.999137,um,Surface,Ellipsoid Axis C,15,1000000033,333,
-0.004622,-0.0147559,0.99988,um,Surface,Ellipsoid Axis C,15,1000000034,334,
0.0151456,-0.0270147,0.99952,um,Surface,Ellipsoid Axis C,15,1000000035,335,
-0.0111695,-0.00758324,0.999909,um,Surface,Ellipsoid Axis C,15,1000000036,336,
-0.00388338,-0.0191227,0.99981,um,Surface,Ellipsoid Axis C,15,1000000205,337,
0.00925762,-0.00741586,0.99993,um,Surface,Ellipsoid Axis C,16,1000000016,338,
0.0225779,-0.00617942,0.999726,um,Surface,Ellipsoid Axis C,16,1000000015,339,
-0.00298883,-0.0410323,0.999153,um,Surface,Ellipsoid Axis C,16,1000000018,340,
0.00824922,-0.0793991,0.996809,um,Surface,Ellipsoid Axis C,16,1000000013,341,
0.00745956,-0.0721597,0.997365,um,Surface,Ellipsoid Axis C,16,1000000020,342,
0.0171964,-0.0365236,0.999185,um,Surface,Ellipsoid Axis C,16,1000000021,343,
-0.00645826,-0.0470252,0.998873,um,Surface,Ellipsoid Axis C,16,1000000024,344,
0.000485404,-0.0854836,0.996339,um,Surface,Ellipsoid Axis C,16,1000000023,345,
0.0169637,-0.00828717,0.999822,um,Surface,Ellipsoid Axis C,16,1000000022,346,
-0.0139567,-0.0533071,0.998481,um,Surface,Ellipsoid Axis C,16,1000000025,347,
0.0213805,-0.0664441,0.997561,um,Surface,Ellipsoid Axis C,16,1000000026,348,
0.0268144,-0.0273867,0.999265,um,Surface,Ellipsoid Axis C,16,1000000027,349,
-0.00506213,-0.000481497,0.999987,um,Surface,Ellipsoid Axis C,16,1000000028,350,
-0.00794904,-0.0195167,0.999778,um,Surface,Ellipsoid Axis C,16,1000000029,351,
-0.00828057,-0.0516927,0.998629,um,Surface,Ellipsoid Axis C,16,1000000030,352,
0.00840783,-0.0144762,0.99986,um,Surface,Ellipsoid Axis C,16,1000000031,353,
0.00320037,-0.0254015,0.999672,um,Surface,Ellipsoid Axis C,16,1000000032,354,
0.0297056,-0.0549775,0.998046,um,Surface,Ellipsoid Axis C,16,1000000033,355,
0.0119196,-0.0171686,0.999782,um,Surface,Ellipsoid Axis C,16,1000000034,356,
0.00835133,-0.041373,0.999109,um,Surface,Ellipsoid Axis C,16,1000000035,357,
-0.000504414,-0.00259868,0.999996,um,Surface,Ellipsoid Axis C,16,1000000036,358,
-0.0033692,-0.0217924,0.999757,um,Surface,Ellipsoid Axis C,16,1000000205,359,
0.0112473,-0.00342913,0.999931,um,Surface,Ellipsoid Axis C,17,1000000016,360,
0.0358415,-0.00626906,0.999338,um,Surface,Ellipsoid Axis C,17,1000000015,361,
-0.0140164,-0.0446047,0.998906,um,Surface,Ellipsoid Axis C,17,1000000018,362,
-0.00111119,-0.091243,0.995828,um,Surface,Ellipsoid Axis C,17,1000000013,363,
0.00979228,-0.067078,0.9977,um,Surface,Ellipsoid Axis C,17,1000000020,364,
0.0170778,-0.0464097,0.998776,um,Surface,Ellipsoid Axis C,17,1000000021,365,
-0.0166403,-0.041553,0.998998,um,Surface,Ellipsoid Axis C,17,1000000024,366,
0.00258616,-0.079655,0.996819,um,Surface,Ellipsoid Axis C,17,1000000023,367,
0.0108,-0.0191853,0.999758,um,Surface,Ellipsoid Axis C,17,1000000022,368,
-0.0125424,-0.011752,0.999852,um,Surface,Ellipsoid Axis C,17,1000000025,369,
0.0259364,-0.0764616,0.996735,um,Surface,Ellipsoid Axis C,17,1000000026,370,
0.0176868,-0.0422567,0.99895,um,Surface,Ellipsoid Axis C,17,1000000027,371,
-0.0250765,-0.00599087,0.999668,um,Surface,Ellipsoid Axis C,17,1000000028,372,
-0.0204117,-0.0215869,0.999559,um,Surface,Ellipsoid Axis C,17,1000000029,373,
-0.00300484,-0.0282418,0.999597,um,Surface,Ellipsoid Axis C,17,1000000030,374,
-0.0046632,-0.0237955,0.999706,um,Surface,Ellipsoid Axis C,17,1000000031,375,
0.00436138,-0.0243384,0.999694,um,Surface,Ellipsoid Axis C,17,1000000032,376,
0.0245934,-0.050826,0.998405,um,Surface,Ellipsoid Axis C,17,1000000033,377,
0.0350158,-0.015776,0.999262,um,Surface,Ellipsoid Axis C,17,1000000034,378,
0.0326327,-0.0397089,0.998678,um,Surface,Ellipsoid Axis C,17,1000000035,379,
0.0125817,-0.0203727,0.999713,um,Surface,Ellipsoid Axis C,17,1000000036,380,
-0.00984899,-0.00634057,0.999931,um,Surface,Ellipsoid Axis C,17,1000000205,381,
0.0216532,-0.00530153,0.999752,um,Surface,Ellipsoid Axis C,18,1000000016,382,
0.028357,-0.00293435,0.999594,um,Surface,Ellipsoid Axis C,18,1000000015,383,
0.0104171,-0.0377023,0.999235,um,Surface,Ellipsoid Axis C,18,1000000018,384,
0.00677683,-0.085672,0.9963,um,Surface,Ellipsoid Axis C,18,1000000013,385,
0.019519,-0.0778745,0.996772,um,Surface,Ellipsoid Axis C,18,1000000020,386,
0.0115191,-0.0459316,0.998878,um,Surface,Ellipsoid Axis C,18,1000000021,387,
-0.0162118,-0.0327793,0.999331,um,Surface,Ellipsoid Axis C,18,1000000024,388,
0.0021749,-0.0913496,0.995817,um,Surface,Ellipsoid Axis C,18,1000000023,389,
0.0203233,-0.0183564,0.999625,um,Surface,Ellipsoid Axis C,18,1000000022,390,
-0.0193812,-0.0256169,0.999484,um,Surface,Ellipsoid Axis C,18,1000000025,391,
0.0232558,-0.0670126,0.997481,um,Surface,Ellipsoid Axis C,18,1000000026,392,
0.0363565,-0.0492843,0.998123,um,Surface,Ellipsoid Axis C,18,1000000027,393,
-0.0153843,-0.00482857,0.99987,um,Surface,Ellipsoid Axis C,18,1000000028,394,
-0.0221599,-0.0257682,0.999422,um,Surface,Ellipsoid Axis C,18,1000000029,395,
-0.0164769,-0.0316815,0.999362,um,Surface,Ellipsoid Axis C,18,1000000030,396,
0.00236639,-0.00751065,0.999969,um,Surface,Ellipsoid Axis C,18,1000000031,397,
0.00913565,-0.0224283,0.999707,um,Surface,Ellipsoid Axis C,18,1000000032,398,
0.0162635,-0.0463145,0.998794,um,Surface,Ellipsoid Axis C,18,1000000033,399,
0.0363275,-0.0135987,0.999247,um,Surface,Ellipsoid Axis C,18,1000000034,400,
0.018068,-0.0450552,0.998821,um,Surface,Ellipsoid Axis C,18,1000000035,401,
0.00135643,-0.00247799,0.999996,um,Surface,Ellipsoid Axis C,18,1000000036,402,
-0.0065231,-0.00833528,0.999944,um,Surface,Ellipsoid Axis C,18,1000000205,403,
0.0301766,-0.00890927,0.999505,um,Surface,Ellipsoid Axis C,19,1000000016,404,
0.0514173,-0.00864015,0.99864,um,Surface,Ellipsoid Axis C,19,1000000015,405,
0.00611398,-0.0351957,0.999362,um,Surface,Ellipsoid Axis C,19,1000000018,406,
0.0230876,-0.0755603,0.996874,um,Surface,Ellipsoid Axis C,19,1000000013,407,
0.0135924,-0.0638502,0.997867,um,Surface,Ellipsoid Axis C,19,1000000020,408,
0.0120336,-0.0521156,0.998569,um,Surface,Ellipsoid Axis C,19,1000000021,409,
-0.0162027,-0.0333306,0.999313,um,Surface,Ellipsoid Axis C,19,1000000024,410,
0.00014769,-0.0665333,0.997784,um,Surface,Ellipsoid Axis C,19,1000000023,411,
0.0219529,-0.0207985,0.999543,um,Surface,Ellipsoid Axis C,19,1000000022,412,
-0.0186626,-0.0148828,0.999715,um,Surface,Ellipsoid Axis C,19,1000000025,413,
0.0282325,-0.0651677,0.997475,um,Surface,Ellipsoid Axis C,19,1000000026,414,
0.0320993,-0.0438118,0.998524,um,Surface,Ellipsoid Axis C,19,1000000027,415,
-0.0201786,-0.0131278,0.99971,um,Surface,Ellipsoid Axis C,19,1000000028,416,
-0.0267464,-0.0262671,0.999297,um,Surface,Ellipsoid Axis C,19,1000000029,417,
-0.00555291,-0.0406294,0.999159,um,Surface,Ellipsoid Axis C,19,1000000030,418,
0.00418191,-0.0023498,0.999988,um,Surface,Ellipsoid Axis C,19,1000000031,419,
0.00935088,-0.0245204,0.999656,um,Surface,Ellipsoid Axis C,19,1000000032,420,
0.0113749,-0.0358452,0.999293,um,Surface,Ellipsoid Axis C,19,1000000033,421,
0.0330518,-0.0101839,0.999402,um,Surface,Ellipsoid Axis C,19,1000000034,422,
0.018429,-0.0275406,0.999451,um,Surface,Ellipsoid Axis C,19,1000000035,423,
0.00951982,-0.00512045,0.999942,um,Surface,Ellipsoid Axis C,19,1000000036,424,
-0.00581067,-0.00759861,0.999954,um,Surface,Ellipsoid Axis C,19,1000000205,425,
0.0248313,-0.00170689,0.99969,um,Surface,Ellipsoid Axis C,20,1000000016,426,
0.0155616,-0.00816434,0.999846,um,Surface,Ellipsoid Axis C,20,1000000015,427,
0.0112877,-0.0321915,0.999418,um,Surface,Ellipsoid Axis C,20,1000000018,428,
0.0221841,-0.0868208,0.995977,um,Surface,Ellipsoid Axis C,20,1000000013,429,
0.0188336,-0.0648487,0.997717,um,Surface,Ellipsoid Axis C,20,1000000020,430,
0.0224696,-0.0490681,0.998543,um,Surface,Ellipsoid Axis C,20,1000000021,431,
-0.0188051,-0.0263002,0.999477,um,Surface,Ellipsoid Axis C,20,1000000024,432,
0.00345871,-0.0956432,0.99541,um,Surface,Ellipsoid Axis C,20,1000000023,433,
0.0220245,-0.0261876,0.999414,um,Surface,Ellipsoid Axis C,20,1000000022,434,
-0.0202918,-0.0126751,0.999714,um,Surface,Ellipsoid Axis C,20,1000000025,435,
0.0211952,-0.0720652,0.997175,um,Surface,Ellipsoid Axis C,20,1000000026,436,
0.0310119,-0.0642164,0.997454,um,Surface,Ellipsoid Axis C,20,1000000027,437,
-0.00505293,-0.0143782,0.999884,um,Surface,Ellipsoid Axis C,20,1000000028,438,
-0.0267559,-0.0272336,0.999271,um,Surface,Ellipsoid Axis C,20,1000000029,439,
-0.016095,-0.0386439,0.999123,um,Surface,Ellipsoid Axis C,20,1000000030,440,
-0.0069225,0.00101157,0.999976,um,Surface,Ellipsoid Axis C,20,1000000031,441,
0.00897054,-0.0166154,0.999822,um,Surface,Ellipsoid Axis C,20,1000000032,442,
-0.00621798,-0.0370559,0.999294,um,Surface,Ellipsoid Axis C,20,1000000033,443,
0.0434746,-0.0137831,0.998959,um,Surface,Ellipsoid Axis C,20,1000000034,444,
-0.00920268,-0.024081,0.999668,um,Surface,Ellipsoid Axis C,20,1000000035,445,
0.00420926,-0.00491913,0.999979,um,Surface,Ellipsoid Axis C,20,1000000036,446,
-0.00301581,-0.000609303,0.999995,um,Surface,Ellipsoid Axis C,20,1000000205,447,
0.0161348,-0.0124671,0.999792,um,Surface,Ellipsoid Axis C,21,1000000016,448,
0.0328277,-0.0123676,0.999385,um,Surface,Ellipsoid Axis C,21,1000000015,449,
0.00966011,-0.0597537,0.998166,um,Surface,Ellipsoid Axis C,21,1000000018,450,
0.000404272,-0.104028,0.994574,um,Surface,Ellipsoid Axis C,21,1000000013,451,
0.0274066,-0.0787522,0.996517,um,Surface,Ellipsoid Axis C,21,1000000020,452,
0.0214821,-0.0533978,0.998342,um,Surface,Ellipsoid Axis C,21,1000000021,453,
-0.0194213,-0.0442708,0.998831,um,Surface,Ellipsoid Axis C,21,1000000024,454,
0.00412848,-0.0816649,0.996651,um,Surface,Ellipsoid Axis C,21,1000000023,455,
0.0160812,-0.030136,0.999416,um,Surface,Ellipsoid Axis C,21,1000000022,456,
-0.0117863,-0.0148665,0.99982,um,Surface,Ellipsoid Axis C,21,1000000025,457,
0.0315719,-0.065906,0.997326,um,Surface,Ellipsoid Axis C,21,1000000026,458,
0.0357232,-0.0620821,0.997432,um,Surface,Ellipsoid Axis C,21,1000000027,459,
-0.00461882,-0.0262979,0.999644,um,Surface,Ellipsoid Axis C,21,1000000028,460,
-0.0334245,-0.0151474,0.999326,um,Surface,Ellipsoid Axis C,21,1000000029,461,
-0.0214844,-0.0438513,0.998807,um,Surface,Ellipsoid Axis C,21,1000000030,462,
-0.00685147,-0.00571385,0.99996,um,Surface,Ellipsoid Axis C,21,1000000031,463,
-0.00705739,-0.00780503,0.999945,um,Surface,Ellipsoid Axis C,21,1000000464,464,
0.00776177,-0.0118537,0.9999,um,Surface,Ellipsoid Axis C,21,1000000032,465,
0.00077628,-0.0323284,0.999477,um,Surface,Ellipsoid Axis C,21,1000000033,466,
0.0499512,-0.0146029,0.998645,um,Surface,Ellipsoid Axis C,21,1000000034,467,
0.00413689,-0.0288377,0.999576,um,Surface,Ellipsoid Axis C,21,1000000035,468,
-0.00271752,-0.00428962,0.999987,um,Surface,Ellipsoid Axis C,21,1000000036,469,
0.00500257,-0.0149153,0.999876,um,Surface,Ellipsoid Axis C,21,1000000205,470,
0.00922643,-0.0126644,0.999877,um,Surface,Ellipsoid Axis C,22,1000000016,471,
0.0363694,-0.00823041,0.999305,um,Surface,Ellipsoid Axis C,22,1000000015,472,
0.00964572,-0.0519525,0.998603,um,Surface,Ellipsoid Axis C,22,1000000018,473,
0.0104329,-0.105246,0.994391,um,Surface,Ellipsoid Axis C,22,1000000013,474,
0.0123724,-0.0658285,0.997754,um,Surface,Ellipsoid Axis C,22,1000000020,475,
0.0331443,-0.0549325,0.99794,um,Surface,Ellipsoid Axis C,22,1000000021,476,
-0.0244723,-0.0461131,0.998636,um,Surface,Ellipsoid Axis C,22,1000000024,477,
0.00418554,-0.0741776,0.997236,um,Surface,Ellipsoid Axis C,22,1000000023,478,
0.00928532,-0.0288967,0.999539,um,Surface,Ellipsoid Axis C,22,1000000022,479,
-0.0177142,-0.0113291,0.999779,um,Surface,Ellipsoid Axis C,22,1000000025,480,
0.0255947,-0.0636508,0.997644,um,Surface,Ellipsoid Axis C,22,1000000026,481,
0.0371748,-0.0668283,0.997072,um,Surface,Ellipsoid Axis C,22,1000000027,482,
-0.0183541,-0.0422845,0.998937,um,Surface,Ellipsoid Axis C,22,1000000028,483,
-0.0325309,-0.0341632,0.998887,um,Surface,Ellipsoid Axis C,22,1000000029,484,
-0.0306202,-0.0504364,0.998258,um,Surface,Ellipsoid Axis C,22,1000000030,485,
-0.00800407,-0.0042896,0.999959,um,Surface,Ellipsoid Axis C,22,1000000031,486,
-0.00717728,-0.028755,0.999561,um,Surface,Ellipsoid Axis C,22,1000000464,487,
0.00378052,-0.0183112,0.999825,um,Surface,Ellipsoid Axis C,22,1000000032,488,
0.000968921,-0.0283704,0.999597,um,Surface,Ellipsoid Axis C,22,1000000033,489,
-0.0040668,-0.0225303,0.999738,um,Surface,Ellipsoid Axis C,22,1000000034,490,
0.00869895,-0.0315504,0.999464,um,Surface,Ellipsoid Axis C,22,1000000035,491,
-0.00757643,-0.00519823,0.999958,um,Surface,Ellipsoid Axis C,22,1000000036,492,
-0.00610595,-0.0202184,0.999777,um,Surface,Ellipsoid Axis C,22,1000000205,493,
0.0212392,-0.00655063,0.999753,um,Surface,Ellipsoid Axis C,23,1000000016,494,
0.0339385,-0.00427075,0.999415,um,Surface,Ellipsoid Axis C,23,1000000015,495,
0.00762117,-0.0510715,0.998666,um,Surface,Ellipsoid Axis C,23,1000000018,496,
0.015746,-0.0956184,0.995293,um,Surface,Ellipsoid Axis C,23,1000000013,497,
0.0222895,-0.0857529,0.996067,um,Surface,Ellipsoid Axis C,23,1000000020,498,
0.0271125,-0.045247,0.998608,um,Surface,Ellipsoid Axis C,23,1000000021,499,
-0.0334299,-0.0543247,0.997964,um,Surface,Ellipsoid Axis C,23,1000000024,500,
0.00147702,-0.0735072,0.997294,um,Surface,Ellipsoid Axis C,23,1000000023,501,
0.0195217,-0.0173332,0.999659,um,Surface,Ellipsoid Axis C,23,1000000022,502,
-0.0171181,-0.0226078,0.999598,um,Surface,Ellipsoid Axis C,23,1000000025,503,
0.0234813,-0.06004,0.99792,um,Surface,Ellipsoid Axis C,23,1000000026,504,
0.0283005,-0.055774,0.998042,um,Surface,Ellipsoid Axis C,23,1000000027,505,
-0.0154695,-0.0403606,0.999065,um,Surface,Ellipsoid Axis C,23,1000000028,506,
-0.0172451,-0.0196749,0.999658,um,Surface,Ellipsoid Axis C,23,1000000029,507,
-0.0142224,-0.0434695,0.998954,um,Surface,Ellipsoid Axis C,23,1000000030,508,
0.0107273,-0.00618531,0.999923,um,Surface,Ellipsoid Axis C,23,1000000031,509,
-0.00935618,-0.0155881,0.999835,um,Surface,Ellipsoid Axis C,23,1000000464,510,
0.00513248,-0.0325857,0.999456,um,Surface,Ellipsoid Axis C,23,1000000032,511,
0.00235928,-0.0439499,0.999031,um,Surface,Ellipsoid Axis C,23,1000000033,512,
-0.00284869,-0.0190087,0.999815,um,Surface,Ellipsoid Axis C,23,1000000034,513,
0.0190563,-0.0235811,0.99954,um,Surface,Ellipsoid Axis C,23,1000000035,514,
-0.00754249,-0.00692539,0.999948,um,Surface,Ellipsoid Axis C,23,1000000036,515,
-0.000573187,-0.0165314,0.999863,um,Surface,Ellipsoid Axis C,23,1000000205,516,
0.0153227,-0.0164101,0.999748,um,Surface,Ellipsoid Axis C,24,1000000016,517,
0.0142987,-0.012931,0.999814,um,Surface,Ellipsoid Axis C,24,1000000015,518,
0.0105563,-0.0514421,0.99862,um,Surface,Ellipsoid Axis C,24,1000000018,519,
0.00773439,-0.0942367,0.99552,um,Surface,Ellipsoid Axis C,24,1000000013,520,
0.0164082,-0.0826481,0.996444,um,Surface,Ellipsoid Axis C,24,1000000020,521,
0.0143453,-0.0433377,0.998958,um,Surface,Ellipsoid Axis C,24,1000000021,522,
-0.0255893,-0.0562465,0.998089,um,Surface,Ellipsoid Axis C,24,1000000024,523,
0.00430145,-0.05925,0.998234,um,Surface,Ellipsoid Axis C,24,1000000023,524,
0.0104044,-0.0300487,0.999494,um,Surface,Ellipsoid Axis C,24,1000000022,525,
-0.027358,-0.019298,0.999439,um,Surface,Ellipsoid Axis C,24,1000000025,526,
0.0247617,-0.0581613,0.998,um,Surface,Ellipsoid Axis C,24,1000000027,527,
-0.00800928,-0.0381271,0.999241,um,Surface,Ellipsoid Axis C,24,1000000028,528,
-0.0112306,-0.0389241,0.999179,um,Surface,Ellipsoid Axis C,24,1000000029,529,
0.0244741,-0.0469094,0.998599,um,Surface,Ellipsoid Axis C,24,1000000026,530,
-0.0286227,-0.0510709,0.998285,um,Surface,Ellipsoid Axis C,24,1000000030,531,
0.00946162,-0.0134626,0.999865,um,Surface,Ellipsoid Axis C,24,1000000031,532,
0.00476438,-0.025733,0.999658,um,Surface,Ellipsoid Axis C,24,1000000032,533,
-3.52539e-05,-0.0312993,0.99951,um,Surface,Ellipsoid Axis C,24,1000000033,534,
0.00281666,-0.0126213,0.999916,um,Surface,Ellipsoid Axis C,24,1000000034,535,
0.0260118,-0.0342742,0.999074,um,Surface,Ellipsoid Axis C,24,1000000035,536,
0.0108973,-0.00770439,0.999911,um,Surface,Ellipsoid Axis C,24,1000000036,537,
-0.0108214,-0.0420347,0.999058,um,Surface,Ellipsoid Axis C,24,1000000464,538,
-0.00798547,-0.032812,0.99943,um,Surface,Ellipsoid Axis C,24,1000000205,539,
0.0189223,-0.00656279,0.999799,um,Surface,Ellipsoid Axis C,25,1000000016,540,
0.0238298,-0.0167217,0.999576,um,Surface,Ellipsoid Axis C,25,1000000015,541,
0.0118207,-0.0576867,0.998265,um,Surface,Ellipsoid Axis C,25,1000000018,542,
0.0148532,-0.0875894,0.996046,um,Surface,Ellipsoid Axis C,25,1000000013,543,
0.020588,-0.0836457,0.996283,um,Surface,Ellipsoid Axis C,25,1000000020,544,
0.020448,-0.0485844,0.99861,um,Surface,Ellipsoid Axis C,25,1000000021,545,
-0.0220559,-0.0653971,0.997616,um,Surface,Ellipsoid Axis C,25,1000000024,546,
0.00339002,-0.0834016,0.99651,um,Surface,Ellipsoid Axis C,25,1000000023,547,
0.0175892,-0.0164969,0.999709,um,Surface,Ellipsoid Axis C,25,1000000022,548,
-0.0239304,-0.0336661,0.999147,um,Surface,Ellipsoid Axis C,25,1000000025,549,
0.0213465,-0.0674315,0.997496,um,Surface,Ellipsoid Axis C,25,1000000026,550,
0.0244821,-0.0783261,0.996627,um,Surface,Ellipsoid Axis C,25,1000000027,551,
-0.00817429,-0.0494802,0.998742,um,Surface,Ellipsoid Axis C,25,1000000028,552,
0.00142524,-0.0190944,0.999817,um,Surface,Ellipsoid Axis C,25,1000000029,553,
-0.0224585,-0.0635179,0.997728,um,Surface,Ellipsoid Axis C,25,1000000030,554,
0.00767953,-0.0217627,0.999734,um,Surface,Ellipsoid Axis C,25,1000000031,555,
-0.00859282,-0.00575141,0.999947,um,Surface,Ellipsoid Axis C,25,1000000464,556,
0.00409777,-0.0175147,0.999838,um,Surface,Ellipsoid Axis C,25,1000000032,557,
0.00174883,-0.0550775,0.998481,um,Surface,Ellipsoid Axis C,25,1000000033,558,
-0.0185157,-0.0144841,0.999724,um,Surface,Ellipsoid Axis C,25,1000000034,559,
0.0249429,-0.0471965,0.998574,um,Surface,Ellipsoid Axis C,25,1000000035,560,
0.0246487,-0.0044233,0.999686,um,Surface,Ellipsoid Axis C,25,1000000036,561,
-0.00142421,-0.0248188,0.999691,um,Surface,Ellipsoid Axis C,25,1000000205,562,
0.0254378,-0.00862464,0.999639,um,Surface,Ellipsoid Axis C,26,1000000016,563,
4.22619e-05,-0.006965,0.999976,um,Surface,Ellipsoid Axis C,26,1000000015,564,
-0.00378316,-0.0599956,0.998191,um,Surface,Ellipsoid Axis C,26,1000000018,565,
0.00649848,-0.0948479,0.995471,um,Surface,Ellipsoid Axis C,26,1000000013,566,
0.026222,-0.0890423,0.995683,um,Surface,Ellipsoid Axis C,26,1000000020,567,
0.0376546,-0.0372968,0.998595,um,Surface,Ellipsoid Axis C,26,1000000021,568,
-0.0182351,-0.059744,0.998047,um,Surface,Ellipsoid Axis C,26,1000000024,569,
0.00307098,-0.0829969,0.996545,um,Surface,Ellipsoid Axis C,26,1000000023,570,
0.0186443,-0.027751,0.999441,um,Surface,Ellipsoid Axis C,26,1000000022,571,
-0.0284287,-0.032734,0.99906,um,Surface,Ellipsoid Axis C,26,1000000025,572,
0.0301556,-0.0558447,0.997984,um,Surface,Ellipsoid Axis C,26,1000000026,573,
0.0278258,-0.0694273,0.997199,um,Surface,Ellipsoid Axis C,26,1000000027,574,
0.000598436,-0.0485167,0.998822,um,Surface,Ellipsoid Axis C,26,1000000028,575,
-0.00594174,-0.0399825,0.999183,um,Surface,Ellipsoid Axis C,26,1000000029,576,
-0.0286256,-0.0571545,0.997955,um,Surface,Ellipsoid Axis C,26,1000000030,577,
0.0138778,-0.0209207,0.999685,um,Surface,Ellipsoid Axis C,26,1000000031,578,
0.00614818,-0.0223452,0.999731,um,Surface,Ellipsoid Axis C,26,1000000032,579,
-0.00263304,-0.0551258,0.998476,um,Surface,Ellipsoid Axis C,26,1000000033,580,
-0.0403595,-0.020164,0.998982,um,Surface,Ellipsoid Axis C,26,1000000034,581,
0.0186513,-0.0433801,0.998884,um,Surface,Ellipsoid Axis C,26,1000000035,582,
0.0385516,-0.00957556,0.999211,um,Surface,Ellipsoid Axis C,26,1000000036,583,
-0.00694185,-0.0431561,0.999044,um,Surface,Ellipsoid Axis C,26,1000000464,584,
0.00063757,-0.0321551,0.999483,um,Surface,Ellipsoid Axis C,26,1000000205,585,
0.0140986,-0.00816244,0.999867,um,Surface,Ellipsoid Axis C,27,1000000016,586,
0.00884418,-0.00982948,0.999913,um,Surface,Ellipsoid Axis C,27,1000000015,587,
0.0141066,-0.060625,0.998061,um,Surface,Ellipsoid Axis C,27,1000000018,588,
0.004219,-0.104496,0.994516,um,Surface,Ellipsoid Axis C,27,1000000013,589,
0.0217784,-0.0853446,0.996113,um,Surface,Ellipsoid Axis C,27,1000000020,590,
0.0294753,-0.0389785,0.998805,um,Surface,Ellipsoid Axis C,27,1000000021,591,
-0.0150608,-0.0575715,0.998228,um,Surface,Ellipsoid Axis C,27,1000000024,592,
0.00714005,-0.0583972,0.998268,um,Surface,Ellipsoid Axis C,27,1000000023,593,
0.029433,-0.0299678,0.999117,um,Surface,Ellipsoid Axis C,27,1000000022,594,
-0.0236708,-0.0349363,0.999109,um,Surface,Ellipsoid Axis C,27,1000000025,595,
0.0316093,-0.054515,0.998012,um,Surface,Ellipsoid Axis C,27,1000000026,596,
0.0359562,-0.0702948,0.996878,um,Surface,Ellipsoid Axis C,27,1000000027,597,
0.0071291,-0.0533398,0.998551,um,Surface,Ellipsoid Axis C,27,1000000028,598,
-0.0111355,-0.0463936,0.998861,um,Surface,Ellipsoid Axis C,27,1000000029,599,
-0.0060939,-0.040862,0.999146,um,Surface,Ellipsoid Axis C,27,1000000030,600,
-0.00804468,-0.0122502,0.999893,um,Surface,Ellipsoid Axis C,27,1000000464,601,
0.0174803,-0.0282796,0.999447,um,Surface,Ellipsoid Axis C,27,1000000031,602,
0.00504485,-0.0156162,0.999865,um,Surface,Ellipsoid Axis C,27,1000000032,603,
0.00542922,-0.0447741,0.998982,um,Surface,Ellipsoid Axis C,27,1000000033,604,
-0.00978784,-0.0141326,0.999852,um,Surface,Ellipsoid Axis C,27,1000000034,605,
0.034161,-0.0349586,0.998805,um,Surface,Ellipsoid Axis C,27,1000000035,606,
0.0354895,-0.00242142,0.999367,um,Surface,Ellipsoid Axis C,27,1000000036,607,
0.0062683,-0.0258313,0.999647,um,Surface,Ellipsoid Axis C,27,1000000205,608,
0.00656821,-0.0122075,0.999904,um,Surface,Ellipsoid Axis C,28,1000000016,609,
0.0171208,-0.0104625,0.999799,um,Surface,Ellipsoid Axis C,28,1000000015,610,
0.0123718,-0.0701281,0.997461,um,Surface,Ellipsoid Axis C,28,1000000018,611,
0.00979113,-0.105003,0.994424,um,Surface,Ellipsoid Axis C,28,1000000013,612,
0.0265414,-0.082918,0.996203,um,Surface,Ellipsoid Axis C,28,1000000020,613,
0.0499169,-0.0397175,0.997963,um,Surface,Ellipsoid Axis C,28,1000000021,614,
-0.000390338,-0.0664207,0.997792,um,Surface,Ellipsoid Axis C,28,1000000024,615,
0.00814275,-0.11003,0.993895,um,Surface,Ellipsoid Axis C,28,1000000023,616,
0.0337683,-0.0234038,0.999156,um,Surface,Ellipsoid Axis C,28,1000000022,617,
-0.0165581,-0.0258824,0.999528,um,Surface,Ellipsoid Axis C,28,1000000025,618,
0.0277471,-0.0662084,0.99742,um,Surface,Ellipsoid Axis C,28,1000000026,619,
0.021156,-0.0609301,0.997918,um,Surface,Ellipsoid Axis C,28,1000000027,620,
0.00442428,-0.0554663,0.998451,um,Surface,Ellipsoid Axis C,28,1000000028,621,
-0.00658981,-0.0503572,0.99871,um,Surface,Ellipsoid Axis C,28,1000000029,622,
-0.0201184,-0.0441075,0.998824,um,Surface,Ellipsoid Axis C,28,1000000030,623,
0.0163542,-0.0343806,0.999275,um,Surface,Ellipsoid Axis C,28,1000000031,624,
-0.000592052,-0.0144047,0.999896,um,Surface,Ellipsoid Axis C,28,1000000032,625,
0.00242474,-0.042905,0.999076,um,Surface,Ellipsoid Axis C,28,1000000033,626,
-0.0404296,-0.0193425,0.998995,um,Surface,Ellipsoid Axis C,28,1000000034,627,
0.0444578,-0.0295653,0.998574,um,Surface,Ellipsoid Axis C,28,1000000035,628,
-0.00402606,0.0121137,0.999919,um,Surface,Ellipsoid Axis C,28,1000000464,629,
0.0282402,0.000842817,0.999601,um,Surface,Ellipsoid Axis C,28,1000000036,630,
0.00570579,-0.0291632,0.999558,um,Surface,Ellipsoid Axis C,28,1000000205,631,
0.00867604,-0.017566,0.999808,um,Surface,Ellipsoid Axis C,29,1000000016,632,
0.0304264,-0.0109416,0.999477,um,Surface,Ellipsoid Axis C,29,1000000015,633,
0.00157467,-0.0884492,0.996079,um,Surface,Ellipsoid Axis C,29,1000000018,634,
0.00472088,-0.110805,0.993831,um,Surface,Ellipsoid Axis C,29,1000000013,635,
0.027074,-0.0860979,0.995919,um,Surface,Ellipsoid Axis C,29,1000000020,636,
0.0333501,-0.04367,0.998489,um,Surface,Ellipsoid Axis C,29,1000000021,637,
-0.000454473,-0.0713287,0.997453,um,Surface,Ellipsoid Axis C,29,1000000024,638,
0.00688357,-0.0913617,0.995794,um,Surface,Ellipsoid Axis C,29,1000000023,639,
0.0306185,-0.040582,0.998707,um,Surface,Ellipsoid Axis C,29,1000000022,640,
-0.0173099,-0.0129802,0.999766,um,Surface,Ellipsoid Axis C,29,1000000025,641,
0.0371146,-0.0567481,0.997698,um,Surface,Ellipsoid Axis C,29,1000000026,642,
0.0246692,-0.0736982,0.996975,um,Surface,Ellipsoid Axis C,29,1000000027,643,
0.00289669,-0.0627412,0.998026,um,Surface,Ellipsoid Axis C,29,1000000028,644,
-0.00657467,-0.0485174,0.998801,um,Surface,Ellipsoid Axis C,29,1000000029,645,
-0.0163292,-0.0518514,0.998521,um,Surface,Ellipsoid Axis C,29,1000000030,646,
-0.00744359,0.00517248,0.999959,um,Surface,Ellipsoid Axis C,29,1000000464,647,
0.0121719,-0.0414947,0.999065,um,Surface,Ellipsoid Axis C,29,1000000031,648,
-0.00224443,-0.0063292,0.999977,um,Surface,Ellipsoid Axis C,29,1000000032,649,
0.00423897,-0.0384188,0.999253,um,Surface,Ellipsoid Axis C,29,1000000033,650,
-0.0178234,-0.0198551,0.999644,um,Surface,Ellipsoid Axis C,29,1000000034,651,
0.0433806,-0.0311044,0.998574,um,Surface,Ellipsoid Axis C,29,1000000035,652,
0.0202418,-0.00187037,0.999793,um,Surface,Ellipsoid Axis C,29,1000000036,653,
0.00936861,-0.0305611,0.999489,um,Surface,Ellipsoid Axis C,29,1000000205,654,
0.010361,-0.0121034,0.999873,um,Surface,Ellipsoid Axis C,30,1000000016,655,
0.0222417,-0.0139465,0.999655,um,Surface,Ellipsoid Axis C,30,1000000015,656,
-0.000382753,-0.0836821,0.996492,um,Surface,Ellipsoid Axis C,30,1000000018,657,
0.00880625,-0.109624,0.993934,um,Surface,Ellipsoid Axis C,30,1000000013,658,
0.0359301,-0.0957761,0.994754,um,Surface,Ellipsoid Axis C,30,1000000020,659,
0.0279167,-0.0451323,0.998591,um,Surface,Ellipsoid Axis C,30,1000000021,660,
0.0167183,-0.0695465,0.997439,um,Surface,Ellipsoid Axis C,30,1000000024,661,
0.00040778,-0.0800481,0.996791,um,Surface,Ellipsoid Axis C,30,1000000023,662,
0.0475628,-0.0273963,0.998492,um,Surface,Ellipsoid Axis C,30,1000000022,663,
-0.00970271,-0.0393903,0.999177,um,Surface,Ellipsoid Axis C,30,1000000025,664,
0.0557917,-0.0716667,0.995867,um,Surface,Ellipsoid Axis C,30,1000000026,665,
0.0411594,-0.0796291,0.995974,um,Surface,Ellipsoid Axis C,30,1000000027,666,
0.0164824,-0.0543065,0.998388,um,Surface,Ellipsoid Axis C,30,1000000028,667,
0.00748093,-0.0480734,0.998816,um,Surface,Ellipsoid Axis C,30,1000000029,668,
-0.00250641,-0.0447159,0.998997,um,Surface,Ellipsoid Axis C,30,1000000030,669,
-0.00739374,-0.0119125,0.999902,um,Surface,Ellipsoid Axis C,30,1000000464,670,
0.0189369,-0.0401069,0.999016,um,Surface,Ellipsoid Axis C,30,1000000031,671,
0.00238842,-0.00449455,0.999987,um,Surface,Ellipsoid Axis C,30,1000000032,672,
-0.00875442,-0.0281675,0.999565,um,Surface,Ellipsoid Axis C,30,1000000033,673,
0.0208034,-0.020089,0.999582,um,Surface,Ellipsoid Axis C,30,1000000034,674,
0.0439394,-0.0213075,0.998807,um,Surface,Ellipsoid Axis C,30,1000000035,675,
0.0281048,0.000818156,0.999605,um,Surface,Ellipsoid Axis C,30,1000000036,676,
0.00470355,-0.0293368,0.999559,um,Surface,Ellipsoid Axis C,30,1000000205,677,
0.015425,-0.017739,0.999724,um,Surface,Ellipsoid Axis C,31,1000000016,678,
0.0490064,-0.0147646,0.998689,um,Surface,Ellipsoid Axis C,31,1000000015,679,
0.00963147,-0.0760345,0.997059,um,Surface,Ellipsoid Axis C,31,1000000018,680,
0.0118238,-0.100496,0.994867,um,Surface,Ellipsoid Axis C,31,1000000013,681,
0.0341014,-0.107202,0.993652,um,Surface,Ellipsoid Axis C,31,1000000020,682,
0.0194991,-0.0485248,0.998632,um,Surface,Ellipsoid Axis C,31,1000000021,683,
0.0185097,-0.073844,0.997098,um,Surface,Ellipsoid Axis C,31,1000000024,684,
0.00163075,-0.0782802,0.99693,um,Surface,Ellipsoid Axis C,31,1000000023,685,
0.0502889,-0.0206623,0.998521,um,Surface,Ellipsoid Axis C,31,1000000022,686,
-0.0106831,-0.0382286,0.999212,um,Surface,Ellipsoid Axis C,31,1000000025,687,
0.0463189,-0.0615022,0.997032,um,Surface,Ellipsoid Axis C,31,1000000026,688,
0.0254049,-0.0770604,0.996703,um,Surface,Ellipsoid Axis C,31,1000000027,689,
0.0177944,-0.0545491,0.998353,um,Surface,Ellipsoid Axis C,31,1000000028,690,
-0.00865362,-0.0544551,0.998479,um,Surface,Ellipsoid Axis C,31,1000000029,691,
-0.00137628,-0.0239482,0.999712,um,Surface,Ellipsoid Axis C,31,1000000030,692,
0.022377,-0.0358509,0.999107,um,Surface,Ellipsoid Axis C,31,1000000031,693,
0.000985644,0.00863683,0.999962,um,Surface,Ellipsoid Axis C,31,1000000032,694,
0.000156929,-0.032226,0.999481,um,Surface,Ellipsoid Axis C,31,1000000033,695,
-0.0213555,-0.016408,0.999637,um,Surface,Ellipsoid Axis C,31,1000000034,696,
0.0433182,-0.0353728,0.998435,um,Surface,Ellipsoid Axis C,31,1000000035,697,
0.0286667,0.00404894,0.999581,um,Surface,Ellipsoid Axis C,31,1000000036,698,
0.000887154,-0.0358394,0.999357,um,Surface,Ellipsoid Axis C,31,1000000205,699,
0.0168401,-0.0221322,0.999613,um,Surface,Ellipsoid Axis C,32,1000000016,700,
0.0256665,-0.0202396,0.999466,um,Surface,Ellipsoid Axis C,32,1000000015,701,
0.0107418,-0.0646268,0.997852,um,Surface,Ellipsoid Axis C,32,1000000018,702,
-0.0100583,-0.0947401,0.995451,um,Surface,Ellipsoid Axis C,32,1000000013,703,
0.0213996,-0.0992548,0.994832,um,Surface,Ellipsoid Axis C,32,1000000020,704,
0.00417906,-0.0461034,0.998928,um,Surface,Ellipsoid Axis C,32,1000000021,705,
0.0108439,-0.0647824,0.99784,um,Surface,Ellipsoid Axis C,32,1000000024,706,
-8.40439e-05,-0.0725378,0.997366,um,Surface,Ellipsoid Axis C,32,1000000023,707,
0.0341294,-0.0269577,0.999054,um,Surface,Ellipsoid Axis C,32,1000000022,708,
-0.0107666,-0.0346752,0.999341,um,Surface,Ellipsoid Axis C,32,1000000025,709,
0.0286024,-0.0596207,0.997811,um,Surface,Ellipsoid Axis C,32,1000000026,710,
0.0229754,-0.0677265,0.997439,um,Surface,Ellipsoid Axis C,32,1000000027,711,
0.0125226,-0.0519655,0.99857,um,Surface,Ellipsoid Axis C,32,1000000028,712,
-0.00568224,-0.0544228,0.998502,um,Surface,Ellipsoid Axis C,32,1000000029,713,
0.0065017,-0.0122104,0.999904,um,Surface,Ellipsoid Axis C,32,1000000030,714,
-0.00742061,0.0153094,0.999855,um,Surface,Ellipsoid Axis C,32,1000000464,715,
0.0232709,-0.0394903,0.998949,um,Surface,Ellipsoid Axis C,32,1000000031,716,
-0.00507348,-0.00438233,0.999978,um,Surface,Ellipsoid Axis C,32,1000000032,717,
-0.00113099,-0.0403107,0.999187,um,Surface,Ellipsoid Axis C,32,1000000033,718,
-0.0388433,-0.0138368,0.99915,um,Surface,Ellipsoid Axis C,32,1000000034,719,
0.0467758,-0.0194288,0.998716,um,Surface,Ellipsoid Axis C,32,1000000035,720,
0.0252355,0.00651571,0.99966,um,Surface,Ellipsoid Axis C,32,1000000036,721,
-0.00368315,-0.0214614,0.999763,um,Surface,Ellipsoid Axis C,32,1000000205,722,
0.0128529,-0.0342212,0.999332,um,Surface,Ellipsoid Axis C,33,1000000016,723,
0.0186015,-0.0157752,0.999703,um,Surface,Ellipsoid Axis C,33,1000000015,724,
0.0100124,-0.0748022,0.997148,um,Surface,Ellipsoid Axis C,33,1000000018,725,
0.00833901,-0.0929471,0.995636,um,Surface,Ellipsoid Axis C,33,1000000013,726,
0.0325218,-0.0938725,0.995053,um,Surface,Ellipsoid Axis C,33,1000000020,727,
-0.00402192,-0.0557166,0.998439,um,Surface,Ellipsoid Axis C,33,1000000021,728,
0.0128383,-0.0686459,0.997558,um,Surface,Ellipsoid Axis C,33,1000000024,729,
0.00158763,-0.0456907,0.998954,um,Surface,Ellipsoid Axis C,33,1000000023,730,
0.0240349,-0.0201682,0.999508,um,Surface,Ellipsoid Axis C,33,1000000022,731,
-0.0144382,-0.0395338,0.999114,um,Surface,Ellipsoid Axis C,33,1000000025,732,
0.0272297,-0.0501976,0.998368,um,Surface,Ellipsoid Axis C,33,1000000026,733,
0.0263273,-0.0475023,0.998524,um,Surface,Ellipsoid Axis C,33,1000000027,734,
0.0127452,-0.0507574,0.99863,um,Surface,Ellipsoid Axis C,33,1000000028,735,
-0.000826949,-0.0518386,0.998655,um,Surface,Ellipsoid Axis C,33,1000000029,736,
-0.00593953,-0.0274429,0.999606,um,Surface,Ellipsoid Axis C,33,1000000030,737,
-0.00731,0.0133992,0.999884,um,Surface,Ellipsoid Axis C,33,1000000464,738,
0.0166764,-0.0519396,0.998511,um,Surface,Ellipsoid Axis C,33,1000000031,739,
-0.000515168,0.00688249,0.999976,um,Surface,Ellipsoid Axis C,33,1000000032,740,
-0.00169372,-0.0330147,0.999453,um,Surface,Ellipsoid Axis C,33,1000000033,741,
-0.0226354,-0.01137,0.999679,um,Surface,Ellipsoid Axis C,33,1000000034,742,
0.0369543,-0.0123077,0.999241,um,Surface,Ellipsoid Axis C,33,1000000035,743,
0.0228417,-0.00483377,0.999727,um,Surface,Ellipsoid Axis C,33,1000000036,744,
-0.0021974,-0.017028,0.999853,um,Surface,Ellipsoid Axis C,33,1000000205,745,
-0.000260529,-0.0375371,0.999295,um,Surface,Ellipsoid Axis C,34,1000000016,746,
-0.00660386,-0.0180417,0.999815,um,Surface,Ellipsoid Axis C,34,1000000015,747,
0.0129983,-0.0606494,0.998074,um,Surface,Ellipsoid Axis C,34,1000000018,748,
0.00406789,-0.0873211,0.996172,um,Surface,Ellipsoid Axis C,34,1000000013,749,
0.035488,-0.0956332,0.994784,um,Surface,Ellipsoid Axis C,34,1000000020,750,
0.00363063,-0.0575502,0.998336,um,Surface,Ellipsoid Axis C,34,1000000021,751,
0.00714209,-0.0647311,0.997877,um,Surface,Ellipsoid Axis C,34,1000000024,752,
0.0005395,-0.0501876,0.99874,um,Surface,Ellipsoid Axis C,34,1000000023,753,
0.0305394,-0.0236435,0.999254,um,Surface,Ellipsoid Axis C,34,1000000022,754,
-0.00657965,-0.0258599,0.999644,um,Surface,Ellipsoid Axis C,34,1000000025,755,
0.0288013,-0.0601806,0.997772,um,Surface,Ellipsoid Axis C,34,1000000026,756,
0.0236032,-0.0490986,0.998515,um,Surface,Ellipsoid Axis C,34,1000000027,757,
-0.0108623,-0.0618732,0.998025,um,Surface,Ellipsoid Axis C,34,1000000028,758,
-0.00404008,-0.0398675,0.999197,um,Surface,Ellipsoid Axis C,34,1000000029,759,
-0.0033416,-0.0242728,0.9997,um,Surface,Ellipsoid Axis C,34,1000000030,760,
-0.00773429,0.00176839,0.999969,um,Surface,Ellipsoid Axis C,34,1000000464,761,
0.000670854,-0.0440435,0.999029,um,Surface,Ellipsoid Axis C,34,1000000031,762,
-0.00456737,0.0169023,0.999847,um,Surface,Ellipsoid Axis C,34,1000000032,763,
-0.0185036,-0.0336352,0.999263,um,Surface,Ellipsoid Axis C,34,1000000033,764,
0.00388246,-0.0138336,0.999897,um,Surface,Ellipsoid Axis C,34,1000000034,765,
0.0313164,-0.0212286,0.999284,um,Surface,Ellipsoid Axis C,34,1000000035,766,
0.0478044,-0.000114798,0.998857,um,Surface,Ellipsoid Axis C,34,1000000036,767,
-0.00452021,-0.0243881,0.999692,um,Surface,Ellipsoid Axis C,34,1000000205,768,
0.0190593,-0.0541008,0.998354,um,Surface,Ellipsoid Axis C,35,1000000016,769,
0.00712677,-0.0136018,0.999882,um,Surface,Ellipsoid Axis C,35,1000000015,770,
0.00461712,-0.07618,0.997083,um,Surface,Ellipsoid Axis C,35,1000000018,771,
0.00454504,-0.0836506,0.996485,um,Surface,Ellipsoid Axis C,35,1000000013,772,
0.0279615,-0.111433,0.993379,um,Surface,Ellipsoid Axis C,35,1000000020,773,
0.0231701,-0.0497444,0.998493,um,Surface,Ellipsoid Axis C,35,1000000021,774,
0.0294409,-0.0672849,0.997299,um,Surface,Ellipsoid Axis C,35,1000000024,775,
0.000433528,-0.0604538,0.998171,um,Surface,Ellipsoid Axis C,35,1000000023,776,
0.0300337,-0.0135958,0.999456,um,Surface,Ellipsoid Axis C,35,1000000022,777,
-0.000728771,-0.0277357,0.999615,um,Surface,Ellipsoid Axis C,35,1000000025,778,
0.0310856,-0.0441063,0.998543,um,Surface,Ellipsoid Axis C,35,1000000026,779,
0.0237095,-0.0511635,0.998409,um,Surface,Ellipsoid Axis C,35,1000000027,780,
-0.0120327,-0.0600489,0.998123,um,Surface,Ellipsoid Axis C,35,1000000028,781,
-0.00514345,-0.0309227,0.999509,um,Surface,Ellipsoid Axis C,35,1000000029,782,
0.00168289,-0.000915591,0.999998,um,Surface,Ellipsoid Axis C,35,1000000030,783,
-0.0119517,0.058109,0.998239,um,Surface,Ellipsoid Axis C,35,1000000464,784,
-0.00848536,-0.0330268,0.999418,um,Surface,Ellipsoid Axis C,35,1000000031,785,
-0.00456093,0.00570412,0.999973,um,Surface,Ellipsoid Axis C,35,1000000032,786,
-0.00617858,-0.0409283,0.999143,um,Surface,Ellipsoid Axis C,35,1000000033,787,
-0.0530267,-0.0137572,0.998498,um,Surface,Ellipsoid Axis C,35,1000000034,788,
0.0076026,-0.000751648,0.999971,um,Surface,Ellipsoid Axis C,35,1000000035,789,
0.0418453,0.00165815,0.999123,um,Surface,Ellipsoid Axis C,35,1000000036,790,
0.000998318,-0.0123924,0.999923,um,Surface,Ellipsoid Axis C,35,1000000205,791,
0.0668414,-0.00664506,0.997741,um,Surface,Ellipsoid Axis C,36,1000000792,792,
0.0018979,-0.0147647,0.999889,um,Surface,Ellipsoid Axis C,36,1000000015,793,
0.00616128,-0.0475704,0.998849,um,Surface,Ellipsoid Axis C,36,1000000016,794,
0.0112036,-0.0687251,0.997573,um,Surface,Ellipsoid Axis C,36,1000000018,795,
-0.0168381,-0.0831919,0.996391,um,Surface,Ellipsoid Axis C,36,1000000013,796,
0.0225504,-0.116111,0.99298,um,Surface,Ellipsoid Axis C,36,1000000020,797,
0.0215457,-0.0430172,0.998842,um,Surface,Ellipsoid Axis C,36,1000000021,798,
0.0270186,-0.0684833,0.997286,um,Surface,Ellipsoid Axis C,36,1000000024,799,
0.0015378,-0.0615768,0.998101,um,Surface,Ellipsoid Axis C,36,1000000023,800,
0.0217351,-0.00890783,0.999724,um,Surface,Ellipsoid Axis C,36,1000000022,801,
-0.00335309,-0.0272426,0.999623,um,Surface,Ellipsoid Axis C,36,1000000025,802,
0.0269157,-0.0583874,0.997931,um,Surface,Ellipsoid Axis C,36,1000000026,803,
0.0249786,-0.0526426,0.998301,um,Surface,Ellipsoid Axis C,36,1000000027,804,
-0.00487256,-0.0443789,0.999003,um,Surface,Ellipsoid Axis C,36,1000000028,805,
-0.0141405,-0.0367835,0.999223,um,Surface,Ellipsoid Axis C,36,1000000029,806,
0.00878252,-0.00665733,0.999939,um,Surface,Ellipsoid Axis C,36,1000000030,807,
-0.00113606,-0.028559,0.999591,um,Surface,Ellipsoid Axis C,36,1000000031,808,
-0.00644245,0.0280596,0.999586,um,Surface,Ellipsoid Axis C,36,1000000464,809,
-0.00561967,-0.00754753,0.999956,um,Surface,Ellipsoid Axis C,36,1000000032,810,
0.00290891,-0.023943,0.999709,um,Surface,Ellipsoid Axis C,36,1000000033,811,
-0.03017,-0.0109944,0.999484,um,Surface,Ellipsoid Axis C,36,1000000034,812,
0.0259874,-0.0166219,0.999524,um,Surface,Ellipsoid Axis C,36,1000000035,813,
0.0434929,0.00318399,0.999049,um,Surface,Ellipsoid Axis C,36,1000000036,814,
-0.0016366,-0.0162602,0.999866,um,Surface,Ellipsoid Axis C,36,1000000205,815,
-0.00330527,-0.0820787,0.99662,um,Surface,Ellipsoid Axis C,37,1000000013,13,
0.00856476,-0.0478942,0.998816,um,Surface,Ellipsoid Axis C,37,1000000016,816,
0.0910791,-0.00340918,0.995838,um,Surface,Ellipsoid Axis C,37,1000000792,817,
-0.00157852,-0.0225254,0.999745,um,Surface,Ellipsoid Axis C,37,1000000015,818,
0.0159848,-0.0705951,0.997377,um,Surface,Ellipsoid Axis C,37,1000000018,819,
0.014603,-0.0973622,0.995142,um,Surface,Ellipsoid Axis C,37,1000000020,820,
0.0174918,-0.0558855,0.998284,um,Surface,Ellipsoid Axis C,37,1000000021,821,
0.0373504,-0.0649059,0.997192,um,Surface,Ellipsoid Axis C,37,1000000024,822,
0.00495504,-0.068514,0.997638,um,Surface,Ellipsoid Axis C,37,1000000023,823,
0.0405679,-0.000589195,0.999177,um,Surface,Ellipsoid Axis C,37,1000000022,824,
0.00455345,-0.0235986,0.999711,um,Surface,Ellipsoid Axis C,37,1000000025,825,
0.0278558,-0.061672,0.997708,um,Surface,Ellipsoid Axis C,37,1000000026,826,
0.0263489,-0.0506376,0.998369,um,Surface,Ellipsoid Axis C,37,1000000027,827,
-0.0149199,-0.0422127,0.998997,um,Surface,Ellipsoid Axis C,37,1000000028,828,
-0.0259796,-0.035206,0.999042,um,Surface,Ellipsoid Axis C,37,1000000029,829,
-0.00267174,-0.0156675,0.999874,um,Surface,Ellipsoid Axis C,37,1000000030,830,
-0.00466547,-0.0273259,0.999616,um,Surface,Ellipsoid Axis C,37,1000000031,831,
-0.018469,0.00224482,0.999827,um,Surface,Ellipsoid Axis C,37,1000000032,832,
-0.0108407,-0.023656,0.999661,um,Surface,Ellipsoid Axis C,37,1000000033,833,
-0.0308878,-0.0143224,0.99942,um,Surface,Ellipsoid Axis C,37,1000000034,834,
0.00648629,-0.00598815,0.999961,um,Surface,Ellipsoid Axis C,37,1000000035,835,
0.034693,0.0139884,0.9993,um,Surface,Ellipsoid Axis C,37,1000000036,836,
-0.00199701,-0.0097047,0.999951,um,Surface,Ellipsoid Axis C,37,1000000205,837,
-0.028581,-0.0676156,0.997302,um,Surface,Ellipsoid Axis C,38,1000000013,14,
-0.0233126,-0.0198005,0.999532,um,Surface,Ellipsoid Axis C,38,1000000015,15,
0.0415289,-0.00167619,0.999136,um,Surface,Ellipsoid Axis C,38,1000000792,838,
0.00501133,-0.0535933,0.99855,um,Surface,Ellipsoid Axis C,38,1000000016,839,
-0.00296113,-0.0640055,0.997945,um,Surface,Ellipsoid Axis C,38,1000000018,840,
0.0110282,-0.0995766,0.994969,um,Surface,Ellipsoid Axis C,38,1000000020,841,
0.0136743,-0.0461504,0.998841,um,Surface,Ellipsoid Axis C,38,1000000021,842,
0.0368617,-0.0578409,0.997645,um,Surface,Ellipsoid Axis C,38,1000000024,843,
-0.00122345,-0.0511083,0.998692,um,Surface,Ellipsoid Axis C,38,1000000023,844,
0.0375984,-0.0142427,0.999191,um,Surface,Ellipsoid Axis C,38,1000000022,845,
-0.00626962,-0.0330339,0.999435,um,Surface,Ellipsoid Axis C,38,1000000025,846,
0.0351655,-0.0446217,0.998385,um,Surface,Ellipsoid Axis C,38,1000000026,847,
0.0192075,-0.056775,0.998202,um,Surface,Ellipsoid Axis C,38,1000000027,848,
-0.00620965,-0.0511681,0.998671,um,Surface,Ellipsoid Axis C,38,1000000028,849,
-0.00832342,-0.0348252,0.999359,um,Surface,Ellipsoid Axis C,38,1000000029,850,
0.00133982,-0.0146013,0.999892,um,Surface,Ellipsoid Axis C,38,1000000030,851,
-0.00684433,-0.0276816,0.999593,um,Surface,Ellipsoid Axis C,38,1000000031,852,
-0.00289803,0.0054898,0.999981,um,Surface,Ellipsoid Axis C,38,1000000032,853,
-0.0128001,-0.0358958,0.999274,um,Surface,Ellipsoid Axis C,38,1000000033,854,
-0.0394248,-0.0193492,0.999035,um,Surface,Ellipsoid Axis C,38,1000000034,855,
-0.00447569,0.00461395,0.999979,um,Surface,Ellipsoid Axis C,38,1000000035,856,
0.038746,0.00975356,0.999201,um,Surface,Ellipsoid Axis C,38,1000000036,857,
-0.00350733,-0.00935574,0.99995,um,Surface,Ellipsoid Axis C,38,1000000205,858,
0.0074,-0.0434203,0.99903,um,Surface,Ellipsoid Axis C,39,1000000016,859,
0.048398,-0.0144844,0.998723,um,Surface,Ellipsoid Axis C,39,1000000792,860,
-0.00816427,-0.0174611,0.999814,um,Surface,Ellipsoid Axis C,39,1000000015,861,
0.00719984,-0.0716411,0.997405,um,Surface,Ellipsoid Axis C,39,1000000018,862,
-0.0376321,-0.0698824,0.996845,um,Surface,Ellipsoid Axis C,39,1000000013,863,
0.0116009,-0.102579,0.994657,um,Surface,Ellipsoid Axis C,39,1000000020,864,
0.0169857,-0.0492433,0.998642,um,Surface,Ellipsoid Axis C,39,1000000021,865,
0.00233845,-0.0564482,0.998403,um,Surface,Ellipsoid Axis C,39,1000000023,866,
0.0277362,-0.0287936,0.999201,um,Surface,Ellipsoid Axis C,39,1000000022,867,
0.0337873,-0.0667033,0.997201,um,Surface,Ellipsoid Axis C,39,1000000024,868,
-0.00822602,-0.0152871,0.999849,um,Surface,Ellipsoid Axis C,39,1000000025,869,
0.0351693,-0.0506924,0.998095,um,Surface,Ellipsoid Axis C,39,1000000026,870,
0.0294358,-0.0579723,0.997884,um,Surface,Ellipsoid Axis C,39,1000000027,871,
-0.0122838,-0.0565047,0.998327,um,Surface,Ellipsoid Axis C,39,1000000028,872,
-0.00554444,-0.0503235,0.998718,um,Surface,Ellipsoid Axis C,39,1000000029,873,
-0.00138509,-0.0218642,0.99976,um,Surface,Ellipsoid Axis C,39,1000000030,874,
-0.010357,-0.0384388,0.999207,um,Surface,Ellipsoid Axis C,39,1000000031,875,
-0.0117678,0.0175639,0.999776,um,Surface,Ellipsoid Axis C,39,1000000032,876,
-0.00745729,-0.0288318,0.999556,um,Surface,Ellipsoid Axis C,39,1000000033,877,
-0.0382573,-0.0163385,0.999134,um,Surface,Ellipsoid Axis C,39,1000000034,878,
0.0231897,-0.000501641,0.999731,um,Surface,Ellipsoid Axis C,39,1000000035,879,
0.0378564,0.00791228,0.999252,um,Surface,Ellipsoid Axis C,39,1000000036,880,
-0.0036402,-0.00133623,0.999992,um,Surface,Ellipsoid Axis C,39,1000000205,881,
0.0385823,-0.0169254,0.999112,um,Surface,Ellipsoid Axis C,40,1000000792,882,
0.00805043,-0.0139974,0.99987,um,Surface,Ellipsoid Axis C,40,1000000015,883,
-0.0114841,-0.0417045,0.999064,um,Surface,Ellipsoid Axis C,40,1000000016,884,
-0.0127842,-0.0985327,0.995052,um,Surface,Ellipsoid Axis C,40,1000000018,885,
-0.0461579,-0.0726177,0.996291,um,Surface,Ellipsoid Axis C,40,1000000013,886,
0.00939131,-0.0905432,0.995848,um,Surface,Ellipsoid Axis C,40,1000000020,887,
0.00476985,-0.0399716,0.999189,um,Surface,Ellipsoid Axis C,40,1000000021,888,
0.0200439,-0.0591161,0.99805,um,Surface,Ellipsoid Axis C,40,1000000024,889,
0.00278633,-0.0342452,0.99941,um,Surface,Ellipsoid Axis C,40,1000000023,890,
0.0314076,-0.0170888,0.999361,um,Surface,Ellipsoid Axis C,40,1000000022,891,
0.00705154,-0.0270813,0.999608,um,Surface,Ellipsoid Axis C,40,1000000025,892,
0.0257352,-0.0448798,0.998661,um,Surface,Ellipsoid Axis C,40,1000000026,893,
0.0245871,-0.055569,0.998152,um,Surface,Ellipsoid Axis C,40,1000000027,894,
-0.00536169,-0.0456294,0.998944,um,Surface,Ellipsoid Axis C,40,1000000028,895,
-0.00302101,-0.0360726,0.999345,um,Surface,Ellipsoid Axis C,40,1000000029,896,
-0.0125737,-0.0214631,0.999691,um,Surface,Ellipsoid Axis C,40,1000000030,897,
-0.0141949,-0.038784,0.999147,um,Surface,Ellipsoid Axis C,40,1000000031,898,
-0.0253962,0.0157698,0.999553,um,Surface,Ellipsoid Axis C,40,1000000032,899,
-0.0081778,-0.0227979,0.999707,um,Surface,Ellipsoid Axis C,40,1000000033,900,
-0.0748866,-0.0210309,0.99697,um,Surface,Ellipsoid Axis C,40,1000000034,901,
0.0131192,-5.00323e-05,0.999914,um,Surface,Ellipsoid Axis C,40,1000000035,902,
0.0350887,0.00384024,0.999377,um,Surface,Ellipsoid Axis C,40,1000000036,903,
-0.000624899,-0.00269163,0.999996,um,Surface,Ellipsoid Axis C,40,1000000205,904,
0.0327909,-0.0207438,0.999247,um,Surface,Ellipsoid Axis C,41,1000000792,905,
0.00317017,-0.0252372,0.999676,um,Surface,Ellipsoid Axis C,41,1000000015,906,
0.00204493,-0.0516637,0.998662,um,Surface,Ellipsoid Axis C,41,1000000016,907,
0.0152007,-0.0884544,0.995964,um,Surface,Ellipsoid Axis C,41,1000000018,908,
-0.0274144,-0.0699375,0.997175,um,Surface,Ellipsoid Axis C,41,1000000013,909,
0.007666,-0.0900819,0.995905,um,Surface,Ellipsoid Axis C,41,1000000020,910,
0.0128516,-0.0549849,0.998405,um,Surface,Ellipsoid Axis C,41,1000000021,911,
0.00391389,-0.042493,0.999089,um,Surface,Ellipsoid Axis C,41,1000000023,912,
0.0501948,-0.0335811,0.998175,um,Surface,Ellipsoid Axis C,41,1000000022,913,
0.0274721,-0.0667966,0.997388,um,Surface,Ellipsoid Axis C,41,1000000024,914,
0.00219932,-0.0132117,0.99991,um,Surface,Ellipsoid Axis C,41,1000000025,915,
0.040775,-0.0444175,0.998181,um,Surface,Ellipsoid Axis C,41,1000000026,916,
0.043547,-0.0474166,0.997926,um,Surface,Ellipsoid Axis C,41,1000000027,917,
-0.00597187,-0.0606175,0.998143,um,Surface,Ellipsoid Axis C,41,1000000028,918,
-0.00448269,-0.0382076,0.99926,um,Surface,Ellipsoid Axis C,41,1000000029,919,
0.00555252,-0.0298391,0.999539,um,Surface,Ellipsoid Axis C,41,1000000030,920,
-0.0132037,-0.0481379,0.998753,um,Surface,Ellipsoid Axis C,41,1000000031,921,
-0.00897604,0.0118963,0.999889,um,Surface,Ellipsoid Axis C,41,1000000032,922,
-0.0135958,-0.0296261,0.999469,um,Surface,Ellipsoid Axis C,41,1000000033,923,
-0.0310177,-0.0182023,0.999353,um,Surface,Ellipsoid Axis C,41,1000000034,924,
0.00966688,0.00729894,0.999927,um,Surface,Ellipsoid Axis C,41,1000000035,925,
0.0399169,0.00545559,0.999188,um,Surface,Ellipsoid Axis C,41,1000000036,926,
-0.00085031,-0.0107645,0.999942,um,Surface,Ellipsoid Axis C,41,1000000205,927,
0.0282043,-0.0300953,0.999149,um,Surface,Ellipsoid Axis C,42,1000000792,928,
-0.00727259,-0.0330009,0.999429,um,Surface,Ellipsoid Axis C,42,1000000015,929,
0.00417506,-0.0322128,0.999472,um,Surface,Ellipsoid Axis C,42,1000000016,930,
0.00933463,-0.083339,0.996478,um,Surface,Ellipsoid Axis C,42,1000000018,931,
-0.0243106,-0.0676018,0.997416,um,Surface,Ellipsoid Axis C,42,1000000013,932,
0.0191064,-0.0451761,0.998796,um,Surface,Ellipsoid Axis C,42,1000000021,933,
0.00990827,-0.0865464,0.996199,um,Surface,Ellipsoid Axis C,42,1000000020,934,
0.0185858,-0.0609579,0.997967,um,Surface,Ellipsoid Axis C,42,1000000024,935,
2.95042e-05,-0.0394682,0.999221,um,Surface,Ellipsoid Axis C,42,1000000023,936,
0.0423477,-0.0266633,0.998747,um,Surface,Ellipsoid Axis C,42,1000000022,937,
0.00413509,-0.0234489,0.999716,um,Surface,Ellipsoid Axis C,42,1000000025,938,
0.0203608,-0.0415452,0.998929,um,Surface,Ellipsoid Axis C,42,1000000026,939,
0.0423255,-0.0416255,0.998236,um,Surface,Ellipsoid Axis C,42,1000000027,940,
-0.0157174,-0.0514311,0.998553,um,Surface,Ellipsoid Axis C,42,1000000028,941,
-0.00277257,-0.0524611,0.998619,um,Surface,Ellipsoid Axis C,42,1000000029,942,
0.00373546,-0.0176897,0.999837,um,Surface,Ellipsoid Axis C,42,1000000030,943,
-0.000228753,-0.0463884,0.998923,um,Surface,Ellipsoid Axis C,42,1000000031,944,
-0.00691407,0.00394669,0.999968,um,Surface,Ellipsoid Axis C,42,1000000032,945,
-0.0139441,-0.0330291,0.999357,um,Surface,Ellipsoid Axis C,42,1000000033,946,
-0.0252033,-0.0116713,0.999614,um,Surface,Ellipsoid Axis C,42,1000000034,947,
-3.31727e-05,0.0122517,0.999925,um,Surface,Ellipsoid Axis C,42,1000000035,948,
0.0419922,0.000452568,0.999118,um,Surface,Ellipsoid Axis C,42,1000000036,949,
-0.00272037,-0.00567197,0.99998,um,Surface,Ellipsoid Axis C,42,1000000205,950,
0.04348,-0.0238169,0.99877,um,Surface,Ellipsoid Axis C,43,1000000792,951,
-0.00132823,-0.0319646,0.999488,um,Surface,Ellipsoid Axis C,43,1000000015,952,
0.00462351,-0.0371896,0.999298,um,Surface,Ellipsoid Axis C,43,1000000016,953,
0.00857619,-0.070164,0.997499,um,Surface,Ellipsoid Axis C,43,1000000954,954,
0.0100058,-0.0834387,0.996463,um,Surface,Ellipsoid Axis C,43,1000000018,955,
-0.0062601,-0.0854302,0.996324,um,Surface,Ellipsoid Axis C,43,1000000013,956,
0.00774921,-0.0759834,0.997079,um,Surface,Ellipsoid Axis C,43,1000000020,957,
0.0114819,-0.0520537,0.998578,um,Surface,Ellipsoid Axis C,43,1000000021,958,
0.00761385,-0.0387903,0.999218,um,Surface,Ellipsoid Axis C,43,1000000023,959,
0.0333843,-0.0391385,0.998676,um,Surface,Ellipsoid Axis C,43,1000000022,960,
0.0209543,-0.0737807,0.997054,um,Surface,Ellipsoid Axis C,43,1000000024,961,
-0.00508452,-0.0047126,0.999976,um,Surface,Ellipsoid Axis C,43,1000000025,962,
0.0236991,-0.0438656,0.998756,um,Surface,Ellipsoid Axis C,43,1000000026,963,
0.0494073,-0.0494056,0.997556,um,Surface,Ellipsoid Axis C,43,1000000027,964,
-0.0279758,-0.0617249,0.997701,um,Surface,Ellipsoid Axis C,43,1000000028,965,
-0.00161018,-0.0474388,0.998873,um,Surface,Ellipsoid Axis C,43,1000000029,966,
0.00679397,-0.0213693,0.999749,um,Surface,Ellipsoid Axis C,43,1000000967,967,
-0.0144718,-0.0296783,0.999455,um,Surface,Ellipsoid Axis C,43,1000000030,968,
-0.00522817,-0.0509778,0.998686,um,Surface,Ellipsoid Axis C,43,1000000031,969,
-0.016737,0.0120175,0.999788,um,Surface,Ellipsoid Axis C,43,1000000032,970,
-0.00961066,-0.020058,0.999753,um,Surface,Ellipsoid Axis C,43,1000000033,971,
-0.0389494,-0.00624051,0.999222,um,Surface,Ellipsoid Axis C,43,1000000034,972,
0.00134038,0.0184717,0.999828,um,Surface,Ellipsoid Axis C,43,1000000035,973,
0.0349281,0.00351558,0.999384,um,Surface,Ellipsoid Axis C,43,1000000036,974,
-0.00327962,-0.00562875,0.999979,um,Surface,Ellipsoid Axis C,43,1000000205,975,
0.0441999,-0.0311371,0.998537,um,Surface,Ellipsoid Axis C,44,1000000792,976,
0.00841914,-0.0388226,0.999211,um,Surface,Ellipsoid Axis C,44,1000000015,977,
0.00271273,-0.0600358,0.998193,um,Surface,Ellipsoid Axis C,44,1000000954,978,
-0.00179284,-0.0540017,0.998539,um,Surface,Ellipsoid Axis C,44,1000000016,979,
-0.0234266,-0.0719592,0.997132,um,Surface,Ellipsoid Axis C,44,1000000013,980,
0.0145488,-0.0773264,0.9969,um,Surface,Ellipsoid Axis C,44,1000000020,981,
0.00984887,-0.0465755,0.998866,um,Surface,Ellipsoid Axis C,44,1000000021,982,
0.00823804,-0.0851926,0.99633,um,Surface,Ellipsoid Axis C,44,1000000018,983,
0.00491629,-0.0208515,0.999771,um,Surface,Ellipsoid Axis C,44,1000000023,984,
0.0378214,-0.0422217,0.998392,um,Surface,Ellipsoid Axis C,44,1000000022,985,
0.0156632,-0.0724374,0.99725,um,Surface,Ellipsoid Axis C,44,1000000024,986,
-0.00871114,4.45814e-05,0.999962,um,Surface,Ellipsoid Axis C,44,1000000025,987,
0.0177831,-0.0482298,0.998678,um,Surface,Ellipsoid Axis C,44,1000000026,988,
0.0597195,-0.0510908,0.996907,um,Surface,Ellipsoid Axis C,44,1000000027,989,
-0.0203838,-0.054817,0.998288,um,Surface,Ellipsoid Axis C,44,1000000028,990,
0.00461863,-0.0504038,0.998718,um,Surface,Ellipsoid Axis C,44,1000000029,991,
0.00445193,-0.00706382,0.999965,um,Surface,Ellipsoid Axis C,44,1000000967,992,
-0.0111348,-0.0165842,0.9998,um,Surface,Ellipsoid Axis C,44,1000000030,993,
0.0026709,-0.0457506,0.998949,um,Surface,Ellipsoid Axis C,44,1000000031,994,
-0.015688,-0.00354216,0.999871,um,Surface,Ellipsoid Axis C,44,1000000032,995,
-0.0243959,-0.0271312,0.999334,um,Surface,Ellipsoid Axis C,44,1000000033,996,
-0.0412144,-0.0182854,0.998983,um,Surface,Ellipsoid Axis C,44,1000000034,997,
0.00436062,0.0119236,0.999919,um,Surface,Ellipsoid Axis C,44,1000000035,998,
-0.00111104,0.0194213,0.999811,um,Surface,Ellipsoid Axis C,44,1000000205,999,
0.0365505,0.00525806,0.999318,um,Surface,Ellipsoid Axis C,44,1000000036,1000,
0.0316864,-0.0372555,0.998803,um,Surface,Ellipsoid Axis C,45,1000000792,1001,
0.0138032,-0.0390601,0.999142,um,Surface,Ellipsoid Axis C,45,1000000015,1002,
0.00772707,-0.0480529,0.998815,um,Surface,Ellipsoid Axis C,45,1000000016,1003,
-0.0165276,-0.077649,0.996844,um,Surface,Ellipsoid Axis C,45,1000000013,1004,
0.0173907,-0.0709464,0.997329,um,Surface,Ellipsoid Axis C,45,1000000020,1005,
-0.00147279,-0.0549976,0.998485,um,Surface,Ellipsoid Axis C,45,1000000954,1006,
0.00534087,-0.0570567,0.998357,um,Surface,Ellipsoid Axis C,45,1000000021,1007,
0.00698924,-0.0867499,0.996206,um,Surface,Ellipsoid Axis C,45,1000000018,1008,
0.00357568,-0.0376369,0.999285,um,Surface,Ellipsoid Axis C,45,1000000023,1009,
0.0317488,-0.0348545,0.998888,um,Surface,Ellipsoid Axis C,45,1000000022,1010,
0.0313921,-0.0630823,0.997514,um,Surface,Ellipsoid Axis C,45,1000000024,1011,
0.000421939,-0.0167023,0.99986,um,Surface,Ellipsoid Axis C,45,1000000025,1012,
0.0281812,-0.0504314,0.99833,um,Surface,Ellipsoid Axis C,45,1000000026,1013,
0.0300615,-0.0572568,0.997907,um,Surface,Ellipsoid Axis C,45,1000000027,1014,
-0.0144043,-0.0624062,0.997947,um,Surface,Ellipsoid Axis C,45,1000000028,1015,
0.00127826,-0.0434358,0.999055,um,Surface,Ellipsoid Axis C,45,1000000029,1016,
-0.00716074,-0.0198822,0.999777,um,Surface,Ellipsoid Axis C,45,1000000030,1017,
0.00404095,-0.0384872,0.999251,um,Surface,Ellipsoid Axis C,45,1000000031,1018,
0.0103304,-0.0206595,0.999733,um,Surface,Ellipsoid Axis C,45,1000000967,1019,
-0.0114813,-0.00202002,0.999932,um,Surface,Ellipsoid Axis C,45,1000000032,1020,
-0.0146178,-0.0312012,0.999406,um,Surface,Ellipsoid Axis C,45,1000000033,1021,
-0.049452,-0.00585235,0.998759,um,Surface,Ellipsoid Axis C,45,1000000034,1022,
-0.00120879,0.00916473,0.999957,um,Surface,Ellipsoid Axis C,45,1000000035,1023,
0.0321372,0.00641656,0.999463,um,Surface,Ellipsoid Axis C,45,1000000036,1024,
-0.000182665,-0.00775981,0.99997,um,Surface,Ellipsoid Axis C,45,1000000205,1025,
0.0264221,-0.0330203,0.999105,um,Surface,Ellipsoid Axis C,46,1000000792,1026,
0.025043,-0.0556716,0.998135,um,Surface,Ellipsoid Axis C,46,1000000015,1027,
0.00298488,-0.0430911,0.999067,um,Surface,Ellipsoid Axis C,46,1000000016,1028,
0.0122958,-0.0853329,0.996277,um,Surface,Ellipsoid Axis C,46,1000000018,1029,
-0.0110836,-0.0827588,0.996508,um,Surface,Ellipsoid Axis C,46,1000000013,1030,
-0.00121546,-0.0586045,0.998281,um,Surface,Ellipsoid Axis C,46,1000000954,1031,
-0.0044319,-0.0589115,0.998253,um,Surface,Ellipsoid Axis C,46,1000000021,1032,
0.00745702,-0.0684173,0.997629,um,Surface,Ellipsoid Axis C,46,1000000020,1033,
0.0033811,-0.0327128,0.999459,um,Surface,Ellipsoid Axis C,46,1000000023,1034,
0.0368511,-0.0308824,0.998843,um,Surface,Ellipsoid Axis C,46,1000000022,1035,
0.0250566,-0.0654674,0.99754,um,Surface,Ellipsoid Axis C,46,1000000024,1036,
-0.00217016,-0.0221469,0.999752,um,Surface,Ellipsoid Axis C,46,1000000025,1037,
0.0211349,-0.0444204,0.998789,um,Surface,Ellipsoid Axis C,46,1000000026,1038,
0.0223108,-0.0704786,0.997264,um,Surface,Ellipsoid Axis C,46,1000000027,1039,
-0.0143367,-0.0611487,0.998026,um,Surface,Ellipsoid Axis C,46,1000000028,1040,
-0.00252807,-0.0351337,0.999379,um,Surface,Ellipsoid Axis C,46,1000000029,1041,
0.00560882,-0.0227711,0.999725,um,Surface,Ellipsoid Axis C,46,1000000967,1042,
-0.0235566,-0.0283338,0.999321,um,Surface,Ellipsoid Axis C,46,1000000030,1043,
0.0018225,-0.0374264,0.999298,um,Surface,Ellipsoid Axis C,46,1000000031,1044,
-0.0295717,-0.0110799,0.999501,um,Surface,Ellipsoid Axis C,46,1000000032,1045,
-0.0318464,-0.0151123,0.999379,um,Surface,Ellipsoid Axis C,46,1000000033,1046,
-0.0549356,-0.00495813,0.998478,um,Surface,Ellipsoid Axis C,46,1000000034,1047,
-0.00922402,0.00748179,0.999929,um,Surface,Ellipsoid Axis C,46,1000000035,1048,
-0.00430719,0.00644246,0.99997,um,Surface,Ellipsoid Axis C,46,1000000205,1049,
0.0325364,0.00290721,0.999466,um,Surface,Ellipsoid Axis C,46,1000000036,1050,
0.0263199,-0.0376472,0.998944,um,Surface,Ellipsoid Axis C,47,1000000792,1051,
0.0117551,-0.048088,0.998774,um,Surface,Ellipsoid Axis C,47,1000000015,1052,
0.00527595,-0.0466397,0.998898,um,Surface,Ellipsoid Axis C,47,1000000016,1053,
0.0212386,-0.0844822,0.996199,um,Surface,Ellipsoid Axis C,47,1000000018,1054,
-0.0112565,-0.0852236,0.996298,um,Surface,Ellipsoid Axis C,47,1000000013,1055,
0.00979603,-0.0483219,0.998784,um,Surface,Ellipsoid Axis C,47,1000000020,1056,
0.000565471,-0.0441435,0.999025,um,Surface,Ellipsoid Axis C,47,1000000954,1057,
0.00945585,-0.0345801,0.999357,um,Surface,Ellipsoid Axis C,47,1000000021,1058,
-0.00113377,-0.0446135,0.999004,um,Surface,Ellipsoid Axis C,47,1000000023,1059,
0.0237503,-0.0260081,0.99938,um,Surface,Ellipsoid Axis C,47,1000000022,1060,
0.000290287,-0.0501444,0.998742,um,Surface,Ellipsoid Axis C,47,1000000024,1061,
-0.00270597,-0.00117454,0.999996,um,Surface,Ellipsoid Axis C,47,1000000025,1062,
0.0212606,-0.0632283,0.997773,um,Surface,Ellipsoid Axis C,47,1000000026,1063,
0.0366157,-0.044555,0.998336,um,Surface,Ellipsoid Axis C,47,1000000027,1064,
-0.012804,-0.0537946,0.99847,um,Surface,Ellipsoid Axis C,47,1000000028,1065,
0.00739736,-0.0242389,0.999679,um,Surface,Ellipsoid Axis C,47,1000000029,1066,
-0.0110723,-0.032186,0.999421,um,Surface,Ellipsoid Axis C,47,1000000030,1067,
0.00452748,-0.0244147,0.999692,um,Surface,Ellipsoid Axis C,47,1000000031,1068,
0.0106955,-0.0197885,0.999747,um,Surface,Ellipsoid Axis C,47,1000000967,1069,
-0.000219779,-0.00172816,0.999999,um,Surface,Ellipsoid Axis C,47,1000000032,1070,
-0.022082,-0.0155718,0.999635,um,Surface,Ellipsoid Axis C,47,1000000033,1071,
-0.0567131,-0.00704314,0.998366,um,Surface,Ellipsoid Axis C,47,1000000034,1072,
-2.79002e-05,0.016265,0.999868,um,Surface,Ellipsoid Axis C,47,1000000035,1073,
0.0339368,0.0108707,0.999365,um,Surface,Ellipsoid Axis C,47,1000000036,1074,
-0.00225048,0.0251045,0.999682,um,Surface,Ellipsoid Axis C,47,1000000205,1075,
