
Intensity Max Ch=1 Img=1
 ==================== 
Intensity Max,Unit,Category,Channel,Image,Time,ID,
1252,,Spot,1,Image 1,79,1,
1801,,Spot,1,Image 1,79,3,
1398,,Spot,1,Image 1,79,139,
1644,,Spot,1,Image 1,79,145,
1330,,Spot,1,Image 1,82,146,
1197,,Spot,1,Image 1,82,147,
1503,,Spot,1,Image 1,82,148,
1105,,Spot,1,Image 1,82,149,
1288,,Spot,1,Image 1,85,150,
1809,,Spot,1,Image 1,85,151,
1263,,Spot,1,Image 1,85,152,
1493,,Spot,1,Image 1,85,153,
1273,,Spot,1,Image 1,88,154,
1271,,Spot,1,Image 1,88,155,
1004,,Spot,1,Image 1,88,156,
1133,,Spot,1,Image 1,88,157,
1515,,Spot,1,Image 1,91,158,
1295,,Spot,1,Image 1,91,159,
1266,,Spot,1,Image 1,91,160,
1329,,Spot,1,Image 1,91,161,
1813,,Spot,1,Image 1,94,162,
1545,,Spot,1,Image 1,94,163,
1426,,Spot,1,Image 1,94,164,
1697,,Spot,1,Image 1,94,165,
1411,,Spot,1,Image 1,97,166,
1585,,Spot,1,Image 1,97,167,
1285,,Spot,1,Image 1,97,168,
1542,,Spot,1,Image 1,97,169,
1395,,Spot,1,Image 1,100,170,
1633,,Spot,1,Image 1,100,171,
1262,,Spot,1,Image 1,100,172,
1404,,Spot,1,Image 1,100,173,
1188,,Spot,1,Image 1,103,174,
1431,,Spot,1,Image 1,103,175,
1474,,Spot,1,Image 1,103,176,
991,,Spot,1,Image 1,103,177,
1240,,Spot,1,Image 1,106,178,
1603,,Spot,1,Image 1,106,179,
1335,,Spot,1,Image 1,106,180,
1091,,Spot,1,Image 1,106,181,
1635,,Spot,1,Image 1,109,182,
1149,,Spot,1,Image 1,109,183,
1160,,Spot,1,Image 1,109,184,
1744,,Spot,1,Image 1,109,185,
1470,,Spot,1,Image 1,112,186,
1613,,Spot,1,Image 1,112,187,
1217,,Spot,1,Image 1,112,188,
1253,,Spot,1,Image 1,112,189,
1533,,Spot,1,Image 1,115,190,
1263,,Spot,1,Image 1,115,191,
1163,,Spot,1,Image 1,115,192,
1482,,Spot,1,Image 1,115,193,
1507,,Spot,1,Image 1,118,194,
1565,,Spot,1,Image 1,118,195,
1556,,Spot,1,Image 1,118,196,
1126,,Spot,1,Image 1,118,197,
1149,,Spot,1,Image 1,121,198,
1586,,Spot,1,Image 1,121,199,
1419,,Spot,1,Image 1,121,200,
1050,,Spot,1,Image 1,121,201,
1519,,Spot,1,Image 1,124,202,
1398,,Spot,1,Image 1,124,203,
1773,,Spot,1,Image 1,124,204,
1020,,Spot,1,Image 1,124,205,
1103,,Spot,1,Image 1,127,206,
1052,,Spot,1,Image 1,127,207,
1268,,Spot,1,Image 1,127,208,
1339,,Spot,1,Image 1,127,209,
1057,,Spot,1,Image 1,130,210,
1396,,Spot,1,Image 1,130,211,
1380,,Spot,1,Image 1,130,212,
1442,,Spot,1,Image 1,130,213,
1087,,Spot,1,Image 1,133,214,
1146,,Spot,1,Image 1,133,215,
1327,,Spot,1,Image 1,133,216,
1625,,Spot,1,Image 1,133,217,
1137,,Spot,1,Image 1,136,218,
1309,,Spot,1,Image 1,136,219,
1518,,Spot,1,Image 1,136,220,
1284,,Spot,1,Image 1,136,221,
933,,Spot,1,Image 1,139,222,
1096,,Spot,1,Image 1,139,223,
1006,,Spot,1,Image 1,139,224,
1116,,Spot,1,Image 1,139,225,
1070,,Spot,1,Image 1,142,226,
1914,,Spot,1,Image 1,142,227,
1755,,Spot,1,Image 1,142,228,
807,,Spot,1,Image 1,142,229,
1148,,Spot,1,Image 1,145,230,
1392,,Spot,1,Image 1,145,231,
1428,,Spot,1,Image 1,145,232,
940,,Spot,1,Image 1,145,233,
1105,,Spot,1,Image 1,148,234,
1444,,Spot,1,Image 1,148,235,
1473,,Spot,1,Image 1,148,236,
1287,,Spot,1,Image 1,148,237,
1057,,Spot,1,Image 1,151,238,
1144,,Spot,1,Image 1,151,239,
2123,,Spot,1,Image 1,151,240,
1067,,Spot,1,Image 1,151,241,
784,,Spot,1,Image 1,154,242,
1662,,Spot,1,Image 1,154,243,
1343,,Spot,1,Image 1,154,244,
942,,Spot,1,Image 1,154,245,
1003,,Spot,1,Image 1,157,246,
1130,,Spot,1,Image 1,157,247,
885,,Spot,1,Image 1,157,248,
1064,,Spot,1,Image 1,157,249,
1851,,Spot,1,Image 1,160,250,
1339,,Spot,1,Image 1,160,251,
791,,Spot,1,Image 1,160,252,
1244,,Spot,1,Image 1,160,253,
