
Intensity Max Ch=2 Img=1
 ==================== 
Intensity Max,Unit,Category,Channel,Image,Time,ID,
4408,,Spot,2,Image 1,79,1,
6638,,Spot,2,Image 1,79,3,
4356,,Spot,2,Image 1,79,139,
4229,,Spot,2,Image 1,79,145,
7696,,Spot,2,Image 1,82,146,
7239,,Spot,2,Image 1,82,147,
4363,,Spot,2,Image 1,82,148,
1894,,Spot,2,Image 1,82,149,
3493,,Spot,2,Image 1,85,150,
4001,,Spot,2,Image 1,85,151,
3794,,Spot,2,Image 1,85,152,
4094,,Spot,2,Image 1,85,153,
6661,,Spot,2,Image 1,88,154,
1763,,Spot,2,Image 1,88,155,
3249,,Spot,2,Image 1,88,156,
2484,,Spot,2,Image 1,88,157,
4075,,Spot,2,Image 1,91,158,
7619,,Spot,2,Image 1,91,159,
9136,,Spot,2,Image 1,91,160,
3101,,Spot,2,Image 1,91,161,
6078,,Spot,2,Image 1,94,162,
5633,,Spot,2,Image 1,94,163,
7865,,Spot,2,Image 1,94,164,
7542,,Spot,2,Image 1,94,165,
7634,,Spot,2,Image 1,97,166,
7978,,Spot,2,Image 1,97,167,
4842,,Spot,2,Image 1,97,168,
2221,,Spot,2,Image 1,97,169,
4168,,Spot,2,Image 1,100,170,
4819,,Spot,2,Image 1,100,171,
3319,,Spot,2,Image 1,100,172,
6644,,Spot,2,Image 1,100,173,
4641,,Spot,2,Image 1,103,174,
2154,,Spot,2,Image 1,103,175,
5577,,Spot,2,Image 1,103,176,
5159,,Spot,2,Image 1,103,177,
1319,,Spot,2,Image 1,106,178,
4813,,Spot,2,Image 1,106,179,
4197,,Spot,2,Image 1,106,180,
1694,,Spot,2,Image 1,106,181,
3055,,Spot,2,Image 1,109,182,
3164,,Spot,2,Image 1,109,183,
4791,,Spot,2,Image 1,109,184,
5299,,Spot,2,Image 1,109,185,
2420,,Spot,2,Image 1,112,186,
2791,,Spot,2,Image 1,112,187,
4702,,Spot,2,Image 1,112,188,
5779,,Spot,2,Image 1,112,189,
4052,,Spot,2,Image 1,115,190,
2431,,Spot,2,Image 1,115,191,
1726,,Spot,2,Image 1,115,192,
3209,,Spot,2,Image 1,115,193,
2098,,Spot,2,Image 1,118,194,
3447,,Spot,2,Image 1,118,195,
4479,,Spot,2,Image 1,118,196,
2036,,Spot,2,Image 1,118,197,
2105,,Spot,2,Image 1,121,198,
3371,,Spot,2,Image 1,121,199,
2195,,Spot,2,Image 1,121,200,
4437,,Spot,2,Image 1,121,201,
2334,,Spot,2,Image 1,124,202,
2672,,Spot,2,Image 1,124,203,
2953,,Spot,2,Image 1,124,204,
5745,,Spot,2,Image 1,124,205,
5629,,Spot,2,Image 1,127,206,
4433,,Spot,2,Image 1,127,207,
3926,,Spot,2,Image 1,127,208,
2461,,Spot,2,Image 1,127,209,
3118,,Spot,2,Image 1,130,210,
4759,,Spot,2,Image 1,130,211,
1803,,Spot,2,Image 1,130,212,
5473,,Spot,2,Image 1,130,213,
4853,,Spot,2,Image 1,133,214,
4127,,Spot,2,Image 1,133,215,
2120,,Spot,2,Image 1,133,216,
4505,,Spot,2,Image 1,133,217,
7043,,Spot,2,Image 1,136,218,
4110,,Spot,2,Image 1,136,219,
4397,,Spot,2,Image 1,136,220,
1982,,Spot,2,Image 1,136,221,
2159,,Spot,2,Image 1,139,222,
941,,Spot,2,Image 1,139,223,
1124,,Spot,2,Image 1,139,224,
2935,,Spot,2,Image 1,139,225,
3792,,Spot,2,Image 1,142,226,
4110,,Spot,2,Image 1,142,227,
2721,,Spot,2,Image 1,142,228,
3459,,Spot,2,Image 1,142,229,
3327,,Spot,2,Image 1,145,230,
5157,,Spot,2,Image 1,145,231,
1472,,Spot,2,Image 1,145,232,
2246,,Spot,2,Image 1,145,233,
2427,,Spot,2,Image 1,148,234,
4816,,Spot,2,Image 1,148,235,
4882,,Spot,2,Image 1,148,236,
4784,,Spot,2,Image 1,148,237,
7077,,Spot,2,Image 1,151,238,
4745,,Spot,2,Image 1,151,239,
2119,,Spot,2,Image 1,151,240,
6604,,Spot,2,Image 1,151,241,
1316,,Spot,2,Image 1,154,242,
4154,,Spot,2,Image 1,154,243,
4051,,Spot,2,Image 1,154,244,
2582,,Spot,2,Image 1,154,245,
4069,,Spot,2,Image 1,157,246,
2668,,Spot,2,Image 1,157,247,
1644,,Spot,2,Image 1,157,248,
5155,,Spot,2,Image 1,157,249,
2893,,Spot,2,Image 1,160,250,
3200,,Spot,2,Image 1,160,251,
1737,,Spot,2,Image 1,160,252,
5095,,Spot,2,Image 1,160,253,
