
Intensity Max Ch=1 Img=1
 ==================== 
Intensity Max,Unit,Category,Channel,Image,Time,ID,
1710,,Spot,1,Image 1,1,1,
1581,,Spot,1,Image 1,1,2,
1233,,Spot,1,Image 1,1,3,
1259,,Spot,1,Image 1,1,4,
1213,,Spot,1,Image 1,7,8,
1670,,Spot,1,Image 1,7,18,
1201,,Spot,1,Image 1,7,19,
1266,,Spot,1,Image 1,7,77,
1492,,Spot,1,Image 1,13,78,
1252,,Spot,1,Image 1,13,79,
1612,,Spot,1,Image 1,13,80,
1457,,Spot,1,Image 1,13,81,
1118,,Spot,1,Image 1,19,82,
1212,,Spot,1,Image 1,19,83,
1171,,Spot,1,Image 1,19,84,
1259,,Spot,1,Image 1,19,85,
1187,,Spot,1,Image 1,25,86,
1632,,Spot,1,Image 1,25,87,
1320,,Spot,1,Image 1,25,88,
879,,Spot,1,Image 1,25,89,
1470,,Spot,1,Image 1,31,90,
1812,,Spot,1,Image 1,31,91,
1366,,Spot,1,Image 1,31,92,
1713,,Spot,1,Image 1,31,93,
1347,,Spot,1,Image 1,37,94,
1074,,Spot,1,Image 1,37,95,
759,,Spot,1,Image 1,37,96,
1349,,Spot,1,Image 1,37,97,
1688,,Spot,1,Image 1,43,98,
1068,,Spot,1,Image 1,43,99,
1728,,Spot,1,Image 1,43,100,
1188,,Spot,1,Image 1,43,101,
