
Intensity Max Ch=2 Img=1
 ==================== 
Intensity Max,Unit,Category,Channel,Image,Time,ID,
4029,,Spot,2,Image 1,1,1,
4082,,Spot,2,Image 1,1,2,
3083,,Spot,2,Image 1,1,3,
3155,,Spot,2,Image 1,1,4,
2695,,Spot,2,Image 1,7,8,
3120,,Spot,2,Image 1,7,18,
2246,,Spot,2,Image 1,7,19,
2424,,Spot,2,Image 1,7,77,
4107,,Spot,2,Image 1,13,78,
1638,,Spot,2,Image 1,13,79,
2533,,Spot,2,Image 1,13,80,
2337,,Spot,2,Image 1,13,81,
1455,,Spot,2,Image 1,19,82,
2195,,Spot,2,Image 1,19,83,
5081,,Spot,2,Image 1,19,84,
1770,,Spot,2,Image 1,19,85,
1552,,Spot,2,Image 1,25,86,
1261,,Spot,2,Image 1,25,87,
1697,,Spot,2,Image 1,25,88,
2683,,Spot,2,Image 1,25,89,
2268,,Spot,2,Image 1,31,90,
3422,,Spot,2,Image 1,31,91,
1450,,Spot,2,Image 1,31,92,
1663,,Spot,2,Image 1,31,93,
1680,,Spot,2,Image 1,37,94,
2925,,Spot,2,Image 1,37,95,
3721,,Spot,2,Image 1,37,96,
2196,,Spot,2,Image 1,37,97,
4655,,Spot,2,Image 1,43,98,
4505,,Spot,2,Image 1,43,99,
1871,,Spot,2,Image 1,43,100,
1818,,Spot,2,Image 1,43,101,
