
Intensity Sum Ch=2 Img=1
 ==================== 
Intensity Sum,Unit,Category,Channel,Image,Time,ID,
336535,,Spot,2,Image 1,1,1,
292529,,Spot,2,Image 1,1,2,
152511,,Spot,2,Image 1,1,3,
157270,,Spot,2,Image 1,1,4,
172551,,Spot,2,Image 1,7,8,
150302,,Spot,2,Image 1,7,18,
126628,,Spot,2,Image 1,7,19,
146523,,Spot,2,Image 1,7,77,
297894,,Spot,2,Image 1,13,78,
130158,,Spot,2,Image 1,13,79,
196562,,Spot,2,Image 1,13,80,
180539,,Spot,2,Image 1,13,81,
97388,,Spot,2,Image 1,19,82,
165629,,Spot,2,Image 1,19,83,
214149,,Spot,2,Image 1,19,84,
101251,,Spot,2,Image 1,19,85,
73247,,Spot,2,Image 1,25,86,
82590,,Spot,2,Image 1,25,87,
93141,,Spot,2,Image 1,25,88,
178837,,Spot,2,Image 1,25,89,
164281,,Spot,2,Image 1,31,90,
213008,,Spot,2,Image 1,31,91,
117456,,Spot,2,Image 1,31,92,
88790,,Spot,2,Image 1,31,93,
94858,,Spot,2,Image 1,37,94,
221602,,Spot,2,Image 1,37,95,
214501,,Spot,2,Image 1,37,96,
168501,,Spot,2,Image 1,37,97,
415944,,Spot,2,Image 1,43,98,
546012,,Spot,2,Image 1,43,99,
151196,,Spot,2,Image 1,43,100,
97262,,Spot,2,Image 1,43,101,
