
Position
 ==================== 
Position X,Position Y,Position Z,Unit,Category,Collection,Time,ID,
168.069,80.7212,-51.2458,um,Spot,Position,1,1,
169.659,78.9584,-53.5362,um,Spot,Position,1,2,
168.75,84.5791,-52.0356,um,Spot,Position,1,3,
181.705,71.4932,-50.5759,um,Spot,Position,1,4,
167.387,73.6101,-49.223,um,Spot,Position,7,8,
168.296,78.4502,-51.7699,um,Spot,Position,7,18,
173.296,83.7434,-50.2767,um,Spot,Position,7,19,
174.432,70.5184,-48.2266,um,Spot,Position,7,77,
164.887,76.1367,-50.1763,um,Spot,Position,13,78,
178.75,74.8876,-56.9237,um,Spot,Position,13,79,
184.205,81.3945,-50.4131,um,Spot,Position,13,80,
178.523,86.9908,-46.1426,um,Spot,Position,13,81,
182.159,85.8048,-46.8673,um,Spot,Position,19,82,
179.432,86.3725,-44.3125,um,Spot,Position,19,83,
175.568,75.8822,-51.0051,um,Spot,Position,19,84,
183.068,74.7133,-47.4527,um,Spot,Position,19,85,
176.023,84.7383,-46.4036,um,Spot,Position,25,86,
170.341,74.7799,-43.5791,um,Spot,Position,25,87,
170.796,80.4776,-41.6751,um,Spot,Position,25,88,
175.796,74.5299,-46.9976,um,Spot,Position,25,89,
168.523,83.4644,-50.1348,um,Spot,Position,31,90,
179.887,77.5311,-43.7791,um,Spot,Position,31,91,
178.75,84.8094,-45.0039,um,Spot,Position,31,92,
168.523,85.5709,-47.5822,um,Spot,Position,31,93,
173.978,81.4143,-43.106,um,Spot,Position,37,94,
183.75,74.5986,-43.4723,um,Spot,Position,37,95,
181.023,77.3776,-42.2007,um,Spot,Position,37,96,
180.796,68.1947,-43.2567,um,Spot,Position,37,97,
173.068,83.8835,-57.3086,um,Spot,Position,43,98,
170.341,76.1199,-47.8508,um,Spot,Position,43,99,
174.205,87.7742,-41.8151,um,Spot,Position,43,100,
175.114,70.649,-40.7685,um,Spot,Position,43,101,
