
Intensity Sum Ch=1 Img=1
 ==================== 
Intensity Sum,Unit,Category,Channel,Image,Time,ID,
88312,,Spot,1,Image 1,1,1,
95294,,Spot,1,Image 1,1,2,
93748,,Spot,1,Image 1,1,3,
87713,,Spot,1,Image 1,1,4,
94349,,Spot,1,Image 1,7,8,
92961,,Spot,1,Image 1,7,18,
93458,,Spot,1,Image 1,7,19,
90814,,Spot,1,Image 1,7,77,
95697,,Spot,1,Image 1,13,78,
91402,,Spot,1,Image 1,13,79,
92884,,Spot,1,Image 1,13,80,
95641,,Spot,1,Image 1,13,81,
82981,,Spot,1,Image 1,19,82,
79663,,Spot,1,Image 1,19,83,
83621,,Spot,1,Image 1,19,84,
77244,,Spot,1,Image 1,19,85,
86026,,Spot,1,Image 1,25,86,
89395,,Spot,1,Image 1,25,87,
81392,,Spot,1,Image 1,25,88,
82389,,Spot,1,Image 1,25,89,
75573,,Spot,1,Image 1,31,90,
90645,,Spot,1,Image 1,31,91,
81353,,Spot,1,Image 1,31,92,
77844,,Spot,1,Image 1,31,93,
79061,,Spot,1,Image 1,37,94,
65867,,Spot,1,Image 1,37,95,
70662,,Spot,1,Image 1,37,96,
64230,,Spot,1,Image 1,37,97,
91193,,Spot,1,Image 1,43,98,
70170,,Spot,1,Image 1,43,99,
76283,,Spot,1,Image 1,43,100,
75076,,Spot,1,Image 1,43,101,
